country_name,country_text_id,year,v2x_polyarchy,v2x_libdem,v2x_suffr,v2x_clpriv,v2x_clpol,v2x_clphy,v2xcl_dmove,v2xcl_slave,v2xcl_disc
Switzerland,CHE,1798,0.2150,0.2640,0.5000,0.6920,0.8110,0.8060,0.7770,0.7310,0.8200
Switzerland,CHE,1799,0.2150,0.2640,0.5000,0.6920,0.8110,0.8060,0.7770,0.7310,0.8200
Switzerland,CHE,1800,0.2050,0.2600,0.5000,0.6920,0.8110,0.8060,0.7770,0.7310,0.8200
Switzerland,CHE,1801,0.1770,0.2490,0.1500,0.6920,0.8110,0.8060,0.7770,0.7310,0.8200
Switzerland,CHE,1802,0.1850,0.2520,0.1500,0.6920,0.8110,0.8060,0.7770,0.7310,0.8200
Switzerland,CHE,1803,0.1790,0.1870,0.1500,0.6920,0.8110,0.8060,0.7770,0.7310,0.8200
Switzerland,CHE,1804,0.1770,0.1760,0.1500,0.7160,0.8110,0.8060,0.7770,0.7310,0.8200
Switzerland,CHE,1805,0.1770,0.1760,0.1500,0.7160,0.8110,0.8060,0.7770,0.7310,0.8200
Switzerland,CHE,1806,0.1770,0.1760,0.1500,0.7160,0.8110,0.8060,0.7770,0.7310,0.8200
Switzerland,CHE,1807,0.1770,0.1760,0.1500,0.7160,0.8110,0.8060,0.7770,0.7310,0.8200
Switzerland,CHE,1808,0.1770,0.1760,0.1500,0.7160,0.8110,0.8060,0.7770,0.7310,0.8200
Switzerland,CHE,1809,0.1770,0.1760,0.1500,0.7160,0.8110,0.8060,0.7770,0.7310,0.8200
Switzerland,CHE,1810,0.1770,0.1760,0.1500,0.7160,0.8110,0.8060,0.7770,0.7310,0.8200
Switzerland,CHE,1811,0.1770,0.1760,0.1500,0.7160,0.8110,0.8060,0.7770,0.7310,0.8200
Switzerland,CHE,1812,0.1770,0.1760,0.1500,0.7160,0.8110,0.8060,0.7770,0.7310,0.8200
Switzerland,CHE,1813,0.1770,0.1760,0.1500,0.7160,0.8110,0.8060,0.7770,0.7310,0.8200
Switzerland,CHE,1814,0.1770,0.1760,0.1500,0.7160,0.8110,0.8060,0.7770,0.7310,0.8200
Switzerland,CHE,1815,0.1770,0.1760,0.1500,0.7160,0.8110,0.8060,0.7770,0.7310,0.8200
Switzerland,CHE,1816,0.1770,0.1760,0.1500,0.7160,0.8110,0.8060,0.7770,0.7310,0.8200
Switzerland,CHE,1817,0.1770,0.1760,0.1500,0.7160,0.8110,0.8060,0.7770,0.7310,0.8200
Switzerland,CHE,1818,0.1770,0.1760,0.1500,0.7160,0.8110,0.8060,0.7770,0.7310,0.8200
Switzerland,CHE,1819,0.1770,0.1760,0.1500,0.7160,0.8110,0.8060,0.7770,0.7310,0.8200
Switzerland,CHE,1820,0.1770,0.1760,0.1500,0.7160,0.8110,0.8060,0.7770,0.7310,0.8200
Switzerland,CHE,1821,0.1770,0.1760,0.1500,0.7160,0.8110,0.8060,0.7770,0.7310,0.8200
Switzerland,CHE,1822,0.1770,0.1760,0.1500,0.7160,0.8110,0.8060,0.7770,0.7310,0.8200
Switzerland,CHE,1823,0.1770,0.1760,0.1500,0.7160,0.8110,0.8060,0.7770,0.7310,0.8200
Switzerland,CHE,1824,0.1770,0.1760,0.1500,0.7160,0.8110,0.8060,0.7770,0.7310,0.8200
Switzerland,CHE,1825,0.1770,0.1760,0.1500,0.7160,0.8110,0.8060,0.7770,0.7310,0.8200
Switzerland,CHE,1826,0.1770,0.1760,0.1500,0.7160,0.8110,0.8060,0.7770,0.7310,0.8200
Switzerland,CHE,1827,0.1770,0.1760,0.1500,0.7160,0.8110,0.8060,0.7770,0.7310,0.8200
Switzerland,CHE,1828,0.1770,0.1760,0.1500,0.7160,0.8110,0.8060,0.7770,0.7310,0.8200
Switzerland,CHE,1829,0.1770,0.1760,0.1500,0.7160,0.8110,0.8060,0.7770,0.7310,0.8200
Switzerland,CHE,1830,0.1770,0.1760,0.1500,0.6940,0.8110,0.8060,0.7770,0.7310,0.8200
Switzerland,CHE,1831,0.2140,0.1880,0.3000,0.6940,0.8400,0.8060,0.7770,0.7310,0.8200
Switzerland,CHE,1832,0.2140,0.1880,0.3000,0.6940,0.8400,0.8060,0.7770,0.7310,0.8200
Switzerland,CHE,1833,0.2140,0.1880,0.3000,0.6940,0.8400,0.8060,0.7770,0.7310,0.8200
Switzerland,CHE,1834,0.2140,0.1880,0.3000,0.6940,0.8400,0.8060,0.7770,0.7310,0.8200
Switzerland,CHE,1835,0.2140,0.1880,0.3000,0.6940,0.8400,0.8060,0.7770,0.7310,0.8200
Switzerland,CHE,1836,0.2140,0.1880,0.3000,0.6940,0.8400,0.8060,0.7770,0.7310,0.8200
Switzerland,CHE,1837,0.2140,0.1880,0.3000,0.6940,0.8400,0.8060,0.7770,0.7310,0.8200
Switzerland,CHE,1838,0.2140,0.1880,0.3000,0.6940,0.8400,0.8060,0.7770,0.7310,0.8200
Switzerland,CHE,1839,0.2140,0.1880,0.3000,0.6940,0.8400,0.8060,0.7770,0.7310,0.8200
Switzerland,CHE,1840,0.2140,0.1880,0.3000,0.6940,0.8400,0.8060,0.7770,0.7310,0.8200
Switzerland,CHE,1841,0.2140,0.1880,0.3000,0.6940,0.8400,0.8060,0.7770,0.7310,0.8200
Switzerland,CHE,1842,0.2140,0.1880,0.3000,0.6940,0.8400,0.8060,0.7770,0.7310,0.8200
Switzerland,CHE,1843,0.2140,0.1880,0.3000,0.6940,0.8400,0.8060,0.7770,0.7310,0.8200
Switzerland,CHE,1844,0.2140,0.1880,0.3000,0.6940,0.8400,0.8060,0.7770,0.7310,0.8200
Switzerland,CHE,1845,0.2140,0.1880,0.3000,0.6940,0.8400,0.8060,0.7770,0.7310,0.8200
Switzerland,CHE,1846,0.2140,0.1880,0.3000,0.6940,0.8400,0.8060,0.7770,0.7310,0.8200
Switzerland,CHE,1847,0.2140,0.1880,0.3000,0.6940,0.8400,0.8060,0.7770,0.7310,0.8200
Switzerland,CHE,1848,0.3260,0.3200,0.4000,0.7580,0.8400,0.8060,0.7770,0.7310,0.8200
Switzerland,CHE,1849,0.5420,0.4650,0.4000,0.8190,0.9130,0.8060,0.7770,0.7310,0.8200
Switzerland,CHE,1850,0.5420,0.4650,0.4000,0.8190,0.9130,0.8060,0.7770,0.7310,0.8200
Switzerland,CHE,1851,0.5420,0.4650,0.4000,0.8190,0.9130,0.8060,0.7770,0.7310,0.8200
Switzerland,CHE,1852,0.5430,0.4670,0.4000,0.8190,0.9130,0.8060,0.7770,0.7310,0.8200
Switzerland,CHE,1853,0.5430,0.4670,0.4000,0.8190,0.9130,0.8060,0.7770,0.7310,0.8200
Switzerland,CHE,1854,0.5430,0.4660,0.4000,0.8190,0.9130,0.8060,0.7770,0.7310,0.8200
Switzerland,CHE,1855,0.5420,0.4660,0.4000,0.8190,0.9130,0.8060,0.7770,0.7310,0.8200
Switzerland,CHE,1856,0.5420,0.4660,0.4000,0.8190,0.9130,0.8060,0.7770,0.7310,0.8200
Switzerland,CHE,1857,0.5420,0.4660,0.4000,0.8190,0.9130,0.8060,0.7770,0.7310,0.8200
Switzerland,CHE,1858,0.5420,0.4660,0.4000,0.8190,0.9130,0.8060,0.7770,0.7310,0.8200
Switzerland,CHE,1859,0.5420,0.4660,0.4000,0.8190,0.9130,0.8060,0.7770,0.7310,0.8200
Switzerland,CHE,1860,0.5420,0.4660,0.4000,0.8190,0.9130,0.8060,0.7770,0.7310,0.8200
Switzerland,CHE,1861,0.5400,0.4650,0.4000,0.8190,0.9130,0.8060,0.7770,0.7310,0.8200
Switzerland,CHE,1862,0.5400,0.4650,0.4000,0.8190,0.9130,0.8060,0.7770,0.7310,0.8200
Switzerland,CHE,1863,0.5410,0.4650,0.4000,0.8190,0.9130,0.8060,0.7770,0.7310,0.8200
Switzerland,CHE,1864,0.5440,0.4660,0.4000,0.8190,0.9130,0.8060,0.7770,0.7310,0.8200
Switzerland,CHE,1865,0.5440,0.4660,0.4000,0.8190,0.9130,0.8060,0.7770,0.7310,0.8200
Switzerland,CHE,1866,0.5440,0.4660,0.4000,0.8190,0.9130,0.8060,0.7770,0.7310,0.8200
Switzerland,CHE,1867,0.5430,0.4660,0.4000,0.8190,0.9130,0.8060,0.7770,0.7310,0.8200
Switzerland,CHE,1868,0.5430,0.4660,0.4000,0.8190,0.9130,0.8060,0.7770,0.7310,0.8200
Switzerland,CHE,1869,0.5430,0.4660,0.4000,0.8190,0.9130,0.8060,0.7770,0.7310,0.8200
Switzerland,CHE,1870,0.5430,0.4690,0.4000,0.8190,0.9130,0.8970,0.7770,0.7310,0.8200
Switzerland,CHE,1871,0.5430,0.4690,0.4000,0.8190,0.9130,0.8970,0.7770,0.7310,0.8200
Switzerland,CHE,1872,0.5420,0.4690,0.4000,0.8190,0.9130,0.8970,0.7770,0.7310,0.8200
Switzerland,CHE,1873,0.5410,0.4670,0.4000,0.8190,0.9130,0.8970,0.7770,0.7310,0.8200
Switzerland,CHE,1874,0.5790,0.4960,0.5000,0.8190,0.9130,0.8970,0.7770,0.7310,0.8200
Switzerland,CHE,1875,0.5790,0.5270,0.5000,0.8190,0.9130,0.8970,0.7770,0.7310,0.8200
Switzerland,CHE,1876,0.5810,0.5280,0.5000,0.8190,0.9130,0.8970,0.7770,0.7310,0.8200
Switzerland,CHE,1877,0.5810,0.5280,0.5000,0.8190,0.9130,0.8970,0.7770,0.7310,0.8200
Switzerland,CHE,1878,0.5810,0.5280,0.5000,0.8190,0.9130,0.8970,0.7770,0.7310,0.8200
Switzerland,CHE,1879,0.5800,0.5280,0.5000,0.8190,0.9130,0.8970,0.7770,0.7310,0.8200
Switzerland,CHE,1880,0.5800,0.5280,0.5000,0.8190,0.9130,0.8970,0.7770,0.7310,0.8200
Switzerland,CHE,1881,0.5800,0.5280,0.5000,0.8190,0.9130,0.8970,0.7770,0.7310,0.8200
Switzerland,CHE,1882,0.5810,0.5290,0.5000,0.8190,0.9130,0.8970,0.7770,0.7310,0.8200
Switzerland,CHE,1883,0.5810,0.5290,0.5000,0.8190,0.9130,0.8970,0.7770,0.7310,0.8200
Switzerland,CHE,1884,0.5810,0.5280,0.5000,0.8190,0.9130,0.8970,0.7770,0.7310,0.8200
Switzerland,CHE,1885,0.5790,0.5270,0.5000,0.8190,0.9130,0.8970,0.7770,0.7310,0.8200
Switzerland,CHE,1886,0.5790,0.5270,0.5000,0.8190,0.9130,0.8970,0.7770,0.7310,0.8200
Switzerland,CHE,1887,0.5790,0.5270,0.5000,0.8190,0.9130,0.8970,0.7770,0.7310,0.8200
Switzerland,CHE,1888,0.5790,0.5280,0.5000,0.8190,0.9130,0.8970,0.7770,0.7310,0.8200
Switzerland,CHE,1889,0.5790,0.5280,0.5000,0.8190,0.9130,0.8970,0.7770,0.7310,0.8200
Switzerland,CHE,1890,0.5790,0.5280,0.5000,0.8190,0.9130,0.8970,0.7770,0.7310,0.8200
Switzerland,CHE,1891,0.5780,0.5270,0.5000,0.8190,0.9130,0.8970,0.7770,0.7310,0.8200
Switzerland,CHE,1892,0.5780,0.5270,0.5000,0.8190,0.9130,0.8970,0.7770,0.7310,0.8200
Switzerland,CHE,1893,0.5780,0.5270,0.5000,0.8190,0.9130,0.8970,0.7770,0.7310,0.8200
Switzerland,CHE,1894,0.5810,0.5290,0.5000,0.8190,0.9130,0.8970,0.7770,0.7310,0.8200
Switzerland,CHE,1895,0.5810,0.5290,0.5000,0.8190,0.9130,0.8970,0.7770,0.7310,0.8200
Switzerland,CHE,1896,0.5810,0.5290,0.5000,0.8190,0.9130,0.8970,0.7770,0.7310,0.8200
Switzerland,CHE,1897,0.5790,0.5280,0.5000,0.8190,0.9130,0.8970,0.7770,0.7310,0.8200
Switzerland,CHE,1898,0.5790,0.5280,0.5000,0.8190,0.9130,0.8970,0.7770,0.7310,0.8200
Switzerland,CHE,1899,0.5790,0.5280,0.5000,0.8190,0.9130,0.8970,0.7770,0.7310,0.8200
Switzerland,CHE,1900,0.5870,0.5350,0.5000,0.8190,0.9200,0.8970,0.7770,0.7310,0.8200
Switzerland,CHE,1901,0.5870,0.5350,0.5000,0.8190,0.9200,0.8970,0.7770,0.7310,0.8200
Switzerland,CHE,1902,0.5890,0.5360,0.5000,0.8190,0.9200,0.8970,0.7770,0.7310,0.8200
Switzerland,CHE,1903,0.5970,0.5420,0.5000,0.8190,0.9200,0.8970,0.7770,0.7310,0.8200
Switzerland,CHE,1904,0.5970,0.5420,0.5000,0.8190,0.9200,0.8970,0.7770,0.7310,0.8200
Switzerland,CHE,1905,0.6020,0.5460,0.5000,0.8190,0.9200,0.8970,0.7770,0.7310,0.8200
Switzerland,CHE,1906,0.6010,0.5450,0.5000,0.8190,0.9200,0.8970,0.7770,0.7310,0.8200
Switzerland,CHE,1907,0.6010,0.5450,0.5000,0.8190,0.9200,0.8970,0.7770,0.7310,0.8200
Switzerland,CHE,1908,0.6000,0.5450,0.5000,0.8190,0.9200,0.8970,0.7770,0.7310,0.8200
Switzerland,CHE,1909,0.5990,0.5450,0.5000,0.8190,0.9200,0.8970,0.7770,0.7310,0.8200
Switzerland,CHE,1910,0.5990,0.5450,0.5000,0.8190,0.9200,0.8970,0.7770,0.7310,0.8200
Switzerland,CHE,1911,0.5990,0.5450,0.5000,0.8190,0.9200,0.8970,0.7770,0.7310,0.8200
Switzerland,CHE,1912,0.6010,0.5460,0.5000,0.8190,0.9200,0.8970,0.7770,0.7310,0.8200
Switzerland,CHE,1913,0.6010,0.5460,0.5000,0.8190,0.9200,0.8970,0.7770,0.7310,0.8200
Switzerland,CHE,1914,0.6010,0.5440,0.5000,0.7950,0.9200,0.8970,0.7450,0.7310,0.8200
Switzerland,CHE,1915,0.5970,0.5420,0.5000,0.7950,0.9150,0.8970,0.7450,0.7310,0.8200
Switzerland,CHE,1916,0.5970,0.5420,0.5000,0.7950,0.9150,0.8970,0.7450,0.7310,0.8200
Switzerland,CHE,1917,0.6000,0.5450,0.5000,0.7950,0.9150,0.8970,0.7450,0.7310,0.8200
Switzerland,CHE,1918,0.6000,0.5450,0.5000,0.7950,0.9150,0.9060,0.7450,0.7310,0.8200
Switzerland,CHE,1919,0.6000,0.5440,0.5000,0.7810,0.9150,0.9370,0.7450,0.7310,0.8200
Switzerland,CHE,1920,0.6090,0.5520,0.5000,0.7810,0.9270,0.9370,0.7450,0.7310,0.8210
Switzerland,CHE,1921,0.6090,0.5520,0.5000,0.7810,0.9270,0.9370,0.7450,0.7310,0.8210
Switzerland,CHE,1922,0.6080,0.5520,0.5000,0.7810,0.9270,0.9370,0.7450,0.7310,0.8210
Switzerland,CHE,1923,0.6060,0.5510,0.5000,0.7810,0.9270,0.9370,0.7450,0.7310,0.8210
Switzerland,CHE,1924,0.6060,0.5510,0.5000,0.7810,0.9270,0.9370,0.7450,0.7310,0.8210
Switzerland,CHE,1925,0.6060,0.5510,0.5000,0.7810,0.9270,0.9370,0.7450,0.7310,0.8210
Switzerland,CHE,1926,0.6060,0.5500,0.5000,0.7810,0.9270,0.9370,0.7450,0.7310,0.8210
Switzerland,CHE,1927,0.6060,0.5500,0.5000,0.7810,0.9270,0.9370,0.7450,0.7310,0.8210
Switzerland,CHE,1928,0.6060,0.5500,0.5000,0.7810,0.9270,0.9370,0.7450,0.7310,0.8210
Switzerland,CHE,1929,0.6070,0.5520,0.5000,0.7810,0.9270,0.9370,0.7450,0.7310,0.8210
Switzerland,CHE,1930,0.6070,0.5520,0.5000,0.7810,0.9270,0.9370,0.7450,0.7310,0.8210
Switzerland,CHE,1931,0.6070,0.5520,0.5000,0.7810,0.9270,0.9370,0.7450,0.7310,0.8210
Switzerland,CHE,1932,0.6070,0.5520,0.5000,0.7810,0.9270,0.9040,0.7450,0.7310,0.8210
Switzerland,CHE,1933,0.6070,0.5520,0.5000,0.7810,0.9270,0.9490,0.7450,0.7310,0.8210
Switzerland,CHE,1934,0.6070,0.5520,0.5000,0.7810,0.9270,0.9490,0.7450,0.7310,0.8210
Switzerland,CHE,1935,0.6070,0.5520,0.5000,0.7810,0.9270,0.9490,0.7450,0.7310,0.8210
Switzerland,CHE,1936,0.6070,0.5520,0.5000,0.7810,0.9270,0.9490,0.7450,0.7310,0.8210
Switzerland,CHE,1937,0.6070,0.5520,0.5000,0.7810,0.9270,0.9490,0.7450,0.7310,0.8210
Switzerland,CHE,1938,0.6070,0.5520,0.5000,0.7810,0.9270,0.9490,0.7450,0.7310,0.8210
Switzerland,CHE,1939,0.6040,0.5490,0.5000,0.7810,0.9180,0.9490,0.7450,0.7310,0.8210
Switzerland,CHE,1940,0.5970,0.5430,0.5000,0.7810,0.9090,0.9490,0.7450,0.7310,0.8210
Switzerland,CHE,1941,0.5970,0.5430,0.5000,0.7810,0.9090,0.9490,0.7450,0.7310,0.8210
Switzerland,CHE,1942,0.5970,0.5430,0.5000,0.7810,0.9090,0.9490,0.7450,0.7310,0.8210
Switzerland,CHE,1943,0.5970,0.5430,0.5000,0.7810,0.9090,0.9490,0.7450,0.7310,0.8210
Switzerland,CHE,1944,0.6010,0.5460,0.5000,0.7810,0.9140,0.9490,0.7450,0.7310,0.8210
Switzerland,CHE,1945,0.6060,0.5530,0.5000,0.7960,0.9240,0.9650,0.7450,0.7310,0.8210
Switzerland,CHE,1946,0.6200,0.5630,0.5000,0.7960,0.9450,0.9650,0.7450,0.7310,0.8210
Switzerland,CHE,1947,0.6200,0.5630,0.5000,0.7960,0.9450,0.9650,0.7450,0.7310,0.8210
Switzerland,CHE,1948,0.6190,0.5630,0.5000,0.7960,0.9450,0.9650,0.7450,0.7310,0.8210
Switzerland,CHE,1949,0.6190,0.5630,0.5000,0.7960,0.9450,0.9650,0.7450,0.7310,0.8210
Switzerland,CHE,1950,0.6190,0.5630,0.5000,0.8100,0.9450,0.9650,0.7450,0.7310,0.8210
Switzerland,CHE,1951,0.6190,0.5630,0.5000,0.8100,0.9450,0.9650,0.7450,0.7310,0.8210
Switzerland,CHE,1952,0.6190,0.5640,0.5000,0.8100,0.9450,0.9650,0.7450,0.7310,0.8210
Switzerland,CHE,1953,0.6190,0.5640,0.5000,0.8100,0.9450,0.9650,0.7450,0.7310,0.8210
Switzerland,CHE,1954,0.6190,0.5640,0.5000,0.8100,0.9450,0.9650,0.7450,0.7310,0.8210
Switzerland,CHE,1955,0.6190,0.5640,0.5000,0.8100,0.9450,0.9650,0.7450,0.7310,0.8210
Switzerland,CHE,1956,0.6170,0.5620,0.5000,0.8100,0.9450,0.9650,0.7450,0.7310,0.8210
Switzerland,CHE,1957,0.6170,0.5620,0.5000,0.8100,0.9450,0.9650,0.7450,0.7310,0.8210
Switzerland,CHE,1958,0.6170,0.5620,0.5000,0.8100,0.9450,0.9650,0.7450,0.7310,0.8210
Switzerland,CHE,1959,0.6180,0.5620,0.5000,0.8100,0.9450,0.9650,0.7450,0.7310,0.8210
Switzerland,CHE,1960,0.6220,0.5670,0.5000,0.8110,0.9450,0.9650,0.7450,0.7830,0.8210
Switzerland,CHE,1961,0.6220,0.5670,0.5000,0.8110,0.9450,0.9650,0.7450,0.7830,0.8210
Switzerland,CHE,1962,0.6220,0.5670,0.5000,0.8110,0.9450,0.9650,0.7450,0.7830,0.8210
Switzerland,CHE,1963,0.6230,0.5670,0.5000,0.8110,0.9450,0.9650,0.7450,0.7830,0.8210
Switzerland,CHE,1964,0.6240,0.5700,0.5000,0.8110,0.9450,0.9650,0.7450,0.7830,0.8210
Switzerland,CHE,1965,0.6240,0.5700,0.5000,0.8110,0.9450,0.9650,0.7450,0.7830,0.8210
Switzerland,CHE,1966,0.6240,0.5700,0.5000,0.8110,0.9450,0.9650,0.7450,0.7830,0.8210
Switzerland,CHE,1967,0.6260,0.5720,0.5000,0.8110,0.9450,0.9650,0.7450,0.7830,0.8210
Switzerland,CHE,1968,0.6250,0.5720,0.5000,0.8110,0.9450,0.9650,0.7450,0.7830,0.8210
Switzerland,CHE,1969,0.6250,0.5720,0.5000,0.8110,0.9450,0.9650,0.7450,0.7830,0.8210
Switzerland,CHE,1970,0.6270,0.5730,0.5000,0.8360,0.9490,0.9650,0.7450,0.9010,0.8530
Switzerland,CHE,1971,0.6300,0.5760,0.5000,0.8360,0.9490,0.9650,0.7450,0.9010,0.8530
Switzerland,CHE,1972,0.8560,0.7910,1.0000,0.8360,0.9490,0.9650,0.7450,0.9010,0.8530
Switzerland,CHE,1973,0.8560,0.7910,1.0000,0.8360,0.9490,0.9650,0.7450,0.9010,0.8530
Switzerland,CHE,1974,0.8560,0.7960,1.0000,0.8520,0.9490,0.9750,0.7450,0.9010,0.8530
Switzerland,CHE,1975,0.8610,0.8010,1.0000,0.8520,0.9490,0.9750,0.7450,0.9010,0.8530
Switzerland,CHE,1976,0.8620,0.8020,1.0000,0.8520,0.9490,0.9750,0.7450,0.9010,0.8530
Switzerland,CHE,1977,0.8680,0.8080,1.0000,0.8520,0.9490,0.9750,0.7450,0.9010,0.8530
Switzerland,CHE,1978,0.8680,0.8080,1.0000,0.8520,0.9490,0.9750,0.7450,0.9010,0.8530
Switzerland,CHE,1979,0.8670,0.8070,1.0000,0.8520,0.9490,0.9750,0.7450,0.9010,0.8530
Switzerland,CHE,1980,0.8710,0.8110,1.0000,0.8590,0.9570,0.9750,0.7450,0.9320,0.8530
Switzerland,CHE,1981,0.8710,0.8130,1.0000,0.8700,0.9570,0.9750,0.7920,0.9320,0.8530
Switzerland,CHE,1982,0.8710,0.8130,1.0000,0.8700,0.9570,0.9750,0.7920,0.9320,0.8530
Switzerland,CHE,1983,0.8710,0.8130,1.0000,0.8700,0.9570,0.9750,0.7920,0.9320,0.8530
Switzerland,CHE,1984,0.8710,0.8150,1.0000,0.8700,0.9570,0.9750,0.7920,0.9320,0.8530
Switzerland,CHE,1985,0.8710,0.8150,1.0000,0.8700,0.9570,0.9750,0.7920,0.9320,0.8530
Switzerland,CHE,1986,0.8710,0.8150,1.0000,0.8700,0.9570,0.9750,0.7920,0.9320,0.8530
Switzerland,CHE,1987,0.8710,0.8150,1.0000,0.8700,0.9570,0.9750,0.7920,0.9320,0.8530
Switzerland,CHE,1988,0.8710,0.8140,1.0000,0.8700,0.9570,0.9750,0.7920,0.9320,0.8530
Switzerland,CHE,1989,0.8760,0.8180,1.0000,0.8700,0.9620,0.9750,0.7920,0.9320,0.9150
Switzerland,CHE,1990,0.8860,0.8300,1.0000,0.8700,0.9770,0.9750,0.7920,0.9320,0.9680
Switzerland,CHE,1991,0.8860,0.8310,1.0000,0.8880,0.9790,0.9750,0.7920,0.9320,0.9680
Switzerland,CHE,1992,0.8830,0.8270,1.0000,0.8880,0.9790,0.9750,0.7920,0.9320,0.9680
Switzerland,CHE,1993,0.8830,0.8320,1.0000,0.8880,0.9790,0.9750,0.7920,0.9320,0.9680
Switzerland,CHE,1994,0.8830,0.8320,1.0000,0.8880,0.9790,0.9750,0.7920,0.9320,0.9680
Switzerland,CHE,1995,0.8840,0.8330,1.0000,0.8880,0.9790,0.9750,0.7920,0.9320,0.9680
Switzerland,CHE,1996,0.8890,0.8380,1.0000,0.8880,0.9790,0.9750,0.7920,0.9320,0.9680
Switzerland,CHE,1997,0.8890,0.8380,1.0000,0.8880,0.9790,0.9750,0.7920,0.9320,0.9680
Switzerland,CHE,1998,0.8890,0.8380,1.0000,0.8880,0.9790,0.9750,0.7920,0.9320,0.9680
Switzerland,CHE,1999,0.8890,0.8380,1.0000,0.8960,0.9790,0.9750,0.7920,0.9320,0.9680
Switzerland,CHE,2000,0.8890,0.8380,1.0000,0.9140,0.9790,0.9750,0.7920,0.9320,0.9680
Switzerland,CHE,2001,0.8890,0.8380,1.0000,0.9140,0.9790,0.9750,0.7920,0.9320,0.9680
Switzerland,CHE,2002,0.8890,0.8390,1.0000,0.9340,0.9790,0.9750,0.8850,0.9320,0.9680
Switzerland,CHE,2003,0.8890,0.8430,1.0000,0.9340,0.9790,0.9750,0.8850,0.9320,0.9680
Switzerland,CHE,2004,0.8880,0.8430,1.0000,0.9340,0.9790,0.9750,0.8850,0.9320,0.9680
Switzerland,CHE,2005,0.8880,0.8430,1.0000,0.9340,0.9790,0.9750,0.8850,0.9320,0.9680
Switzerland,CHE,2006,0.8880,0.8430,1.0000,0.9340,0.9790,0.9750,0.8850,0.9320,0.9680
Switzerland,CHE,2007,0.8900,0.8450,1.0000,0.9340,0.9790,0.9750,0.8850,0.9320,0.9680
Switzerland,CHE,2008,0.8970,0.8520,1.0000,0.9340,0.9790,0.9750,0.8850,0.9320,0.9680
Switzerland,CHE,2009,0.8970,0.8520,1.0000,0.9240,0.9790,0.9750,0.8850,0.9320,0.9680
Switzerland,CHE,2010,0.8970,0.8510,1.0000,0.9210,0.9790,0.9750,0.8850,0.9320,0.9680
Switzerland,CHE,2011,0.8980,0.8530,1.0000,0.9210,0.9790,0.9750,0.8850,0.9320,0.9680
Switzerland,CHE,2012,0.9050,0.8610,1.0000,0.9210,0.9790,0.9750,0.8850,0.9320,0.9680
Switzerland,CHE,2013,0.9050,0.8610,1.0000,0.9220,0.9790,0.9750,0.8850,0.9320,0.9680
Switzerland,CHE,2014,0.9050,0.8610,1.0000,0.9220,0.9790,0.9750,0.8850,0.9320,0.9680
Switzerland,CHE,2015,0.9040,0.8600,1.0000,0.9270,0.9810,0.9810,0.8850,0.9320,0.9700
Switzerland,CHE,2016,0.9030,0.8580,1.0000,0.9270,0.9810,0.9810,0.8850,0.9320,0.9700
Switzerland,CHE,2017,0.9070,0.8670,1.0000,0.9270,0.9810,0.9810,0.8850,0.9320,0.9700
Switzerland,CHE,2018,0.9070,0.8670,1.0000,0.9270,0.9810,0.9810,0.8850,0.9320,0.9700
Switzerland,CHE,2019,0.9060,0.8660,1.0000,0.9270,0.9810,0.9810,0.8850,0.9320,0.9700
Switzerland,CHE,2020,0.9020,0.8560,1.0000,0.9040,0.9810,0.9810,0.8850,0.9320,0.9700
Switzerland,CHE,2021,0.8960,0.8510,1.0000,0.9170,0.9790,0.9810,0.8850,0.9320,0.9700
Switzerland,CHE,2022,0.8960,0.8510,1.0000,0.9170,0.9790,0.9810,0.8850,0.9320,0.9700
Switzerland,CHE,2023,0.8870,0.8410,1.0000,0.9170,0.9750,0.9810,0.8850,0.9320,0.9700
Switzerland,CHE,2024,0.8940,0.8470,1.0000,0.9170,0.9750,0.9810,0.8850,0.9320,0.9700
France,FRA,1789,0.2580,0.2180,0.4000,0.4670,0.7110,0.4960,0.5790,0.3120,0.7300
France,FRA,1790,0.2650,0.2240,0.4000,0.4670,0.7350,0.6570,0.5790,0.3120,0.7300
France,FRA,1791,0.2340,0.2090,0.3000,0.5090,0.5380,0.6570,0.5790,,0.7300
France,FRA,1792,0.2450,0.1640,0.5000,0.2830,0.3460,0.4960,0.3750,,0.1550
France,FRA,1793,0.2740,0.1770,0.5000,0.2900,0.3460,0.4960,0.3750,0.8070,0.1550
France,FRA,1794,0.2740,0.1800,0.5000,0.3960,0.3460,0.4960,0.3750,0.8070,0.1550
France,FRA,1795,0.2680,0.2250,0.4000,0.4570,0.4350,0.7720,0.3750,0.8070,0.4370
France,FRA,1796,0.2690,0.2260,0.4000,0.4570,0.4350,0.7720,0.3750,0.8070,0.4370
France,FRA,1797,0.2690,0.2260,0.4000,0.4570,0.4350,0.7720,0.3750,0.8070,0.4370
France,FRA,1798,0.2700,0.2260,0.4000,0.4570,0.4350,0.7720,0.3750,0.8070,0.4370
France,FRA,1799,0.2710,0.2040,0.4000,0.4570,0.4810,0.7720,0.3750,0.8070,0.4370
France,FRA,1800,0.1180,0.1020,0.4000,0.4760,0.1210,0.4900,0.3750,0.8070,0.1560
France,FRA,1801,0.1180,0.1060,0.4000,0.5700,0.1210,0.4900,0.3750,0.8070,0.1560
France,FRA,1802,0.1180,0.1060,0.4000,0.5700,0.1210,0.4900,0.3750,0.8070,0.1560
France,FRA,1803,0.1180,0.1060,0.4000,0.5700,0.1210,0.4900,0.3750,0.8070,0.1560
France,FRA,1804,0.1180,0.1060,0.4000,0.5700,0.1210,0.4900,0.3750,0.8070,0.1560
France,FRA,1805,0.1180,0.1060,0.4000,0.5700,0.1210,0.4900,0.3750,0.8070,0.1560
France,FRA,1806,0.1180,0.1060,0.4000,0.5700,0.1210,0.4900,0.3750,0.8070,0.1560
France,FRA,1807,0.1180,0.1060,0.4000,0.5700,0.1210,0.4900,0.3750,0.8070,0.1560
France,FRA,1808,0.1180,0.1060,0.4000,0.5700,0.1210,0.4900,0.3750,0.8070,0.1560
France,FRA,1809,0.1180,0.1060,0.4000,0.5700,0.1210,0.4900,0.3750,0.8070,0.1560
France,FRA,1810,0.1180,0.1060,0.4000,0.5700,0.1210,0.4900,0.3750,0.8070,0.1560
France,FRA,1811,0.1180,0.1060,0.4000,0.5700,0.1210,0.4900,0.3750,0.8070,0.1560
France,FRA,1812,0.1180,0.1060,0.4000,0.5700,0.1210,0.4900,0.3750,0.8070,0.1560
France,FRA,1813,0.1180,0.1060,0.4000,0.5700,0.1210,0.4900,0.3750,0.8070,0.1560
France,FRA,1814,0.0940,0.1010,0.0100,0.5700,0.1210,0.4900,0.3750,0.8070,0.1560
France,FRA,1815,0.1810,0.1640,0.0100,0.6960,0.4790,0.6330,0.5740,0.8070,0.4290
France,FRA,1816,0.1860,0.1710,0.0100,0.6960,0.4790,0.6330,0.5740,0.8070,0.4290
France,FRA,1817,0.1870,0.1710,0.0100,0.6960,0.4790,0.6330,0.5740,0.8070,0.4290
France,FRA,1818,0.1870,0.1710,0.0100,0.6960,0.4790,0.6330,0.5740,0.8070,0.4290
France,FRA,1819,0.1860,0.1710,0.0100,0.6960,0.4790,0.6330,0.5740,0.8070,0.4290
France,FRA,1820,0.1300,0.1560,0.0100,0.6960,0.4790,0.6330,0.5740,0.8070,0.4290
France,FRA,1821,0.1840,0.1680,0.0100,0.6320,0.3810,0.6330,0.5740,0.8070,0.1550
France,FRA,1822,0.1750,0.1650,0.0100,0.6320,0.3100,0.6330,0.5740,0.8070,0.1550
France,FRA,1823,0.1750,0.1650,0.0100,0.6320,0.3100,0.6330,0.5740,0.8070,0.1550
France,FRA,1824,0.1770,0.1650,0.0100,0.6320,0.3100,0.6330,0.5740,0.8070,0.1550
France,FRA,1825,0.1770,0.1650,0.0100,0.6320,0.3100,0.6330,0.5740,0.8070,0.1550
France,FRA,1826,0.1770,0.1650,0.0100,0.6320,0.3100,0.6330,0.5740,0.8070,0.1550
France,FRA,1827,0.1770,0.1650,0.0100,0.6320,0.3100,0.6330,0.5740,0.8070,0.1550
France,FRA,1828,0.1760,0.1640,0.0100,0.6320,0.3100,0.6330,0.5740,0.8070,0.1550
France,FRA,1829,0.1760,0.1640,0.0100,0.6320,0.3100,0.6330,0.5740,0.8070,0.1550
France,FRA,1830,0.2040,0.2000,0.0100,0.6990,0.4690,0.7680,0.5740,0.8070,0.4290
France,FRA,1831,0.2040,0.2000,0.0200,0.6990,0.4690,0.7680,0.5740,0.8070,0.4290
France,FRA,1832,0.2040,0.2000,0.0200,0.6990,0.4690,0.7680,0.5740,0.8070,0.4290
France,FRA,1833,0.2040,0.2000,0.0200,0.6990,0.4690,0.7680,0.5740,0.8070,0.4290
France,FRA,1834,0.2060,0.2000,0.0200,0.6990,0.4690,0.7680,0.5740,0.8070,0.4290
France,FRA,1835,0.2070,0.2000,0.0200,0.6990,0.4690,0.7680,0.5740,0.8070,0.4290
France,FRA,1836,0.2070,0.2000,0.0200,0.6990,0.4690,0.7680,0.5740,0.8070,0.4290
France,FRA,1837,0.2070,0.2000,0.0200,0.6990,0.4690,0.7680,0.5740,0.8070,0.4290
France,FRA,1838,0.2080,0.2000,0.0200,0.6990,0.4690,0.7680,0.5740,0.8070,0.4290
France,FRA,1839,0.2070,0.2000,0.0200,0.6990,0.4690,0.7680,0.5740,0.8070,0.4290
France,FRA,1840,0.2060,0.2000,0.0200,0.6990,0.4690,0.7680,0.5740,0.8070,0.4290
France,FRA,1841,0.2060,0.2000,0.0200,0.6990,0.4690,0.7680,0.5740,0.8070,0.4290
France,FRA,1842,0.2070,0.2000,0.0200,0.6990,0.4690,0.7680,0.5740,0.8070,0.4290
France,FRA,1843,0.2080,0.2000,0.0200,0.6990,0.4690,0.7680,0.5740,0.8070,0.4290
France,FRA,1844,0.2080,0.2000,0.0200,0.6990,0.4690,0.7680,0.5740,0.8070,0.4290
France,FRA,1845,0.2080,0.2000,0.0200,0.6990,0.4690,0.7680,0.5740,0.8070,0.4290
France,FRA,1846,0.2080,0.2000,0.0300,0.6990,0.4690,0.7680,0.5740,0.8070,0.4290
France,FRA,1847,0.2080,0.2000,0.0300,0.6990,0.4690,0.7680,0.5740,0.8070,0.4290
France,FRA,1848,0.3990,0.3370,0.5000,0.7590,0.8470,0.6510,0.7900,0.8070,0.9290
France,FRA,1849,0.4800,0.3830,0.5000,0.7590,0.8470,0.6510,0.7900,0.8070,0.9290
France,FRA,1850,0.4800,0.3830,0.5000,0.7590,0.8470,0.6510,0.7900,0.8070,0.9290
France,FRA,1851,0.2930,0.1860,0.5000,0.7020,0.3190,0.3420,0.5910,0.8070,0.1610
France,FRA,1852,0.1610,0.1460,0.5000,0.7020,0.2380,0.3420,0.5910,0.8070,0.1610
France,FRA,1853,0.1750,0.1490,0.5000,0.7020,0.2380,0.3420,0.5910,0.8070,0.1610
France,FRA,1854,0.1750,0.1490,0.5000,0.7020,0.2380,0.3420,0.5910,0.8070,0.1610
France,FRA,1855,0.1750,0.1490,0.5000,0.7020,0.2380,0.3420,0.5910,0.8070,0.1610
France,FRA,1856,0.1750,0.1490,0.5000,0.7020,0.2380,0.3420,0.5910,0.8070,0.1610
France,FRA,1857,0.1750,0.1490,0.5000,0.7020,0.2380,0.3420,0.5910,0.8070,0.1610
France,FRA,1858,0.1750,0.1490,0.5000,0.7020,0.2380,0.3420,0.5910,0.8070,0.1610
France,FRA,1859,0.1750,0.1490,0.5000,0.7020,0.2380,0.3420,0.5910,0.8070,0.1610
France,FRA,1860,0.1750,0.1490,0.5000,0.7020,0.2380,0.3420,0.5910,0.8070,0.1610
France,FRA,1861,0.1970,0.1680,0.5000,0.7020,0.3180,0.3420,0.5910,0.8070,0.4300
France,FRA,1862,0.2020,0.1700,0.5000,0.7020,0.3580,0.3420,0.5910,0.8070,0.4300
France,FRA,1863,0.2030,0.1700,0.5000,0.7020,0.3580,0.3420,0.5910,0.8070,0.4300
France,FRA,1864,0.2030,0.1700,0.5000,0.7020,0.3580,0.3420,0.5910,0.8070,0.4300
France,FRA,1865,0.2030,0.1700,0.5000,0.7020,0.3580,0.3420,0.5910,0.8070,0.4300
France,FRA,1866,0.2030,0.1700,0.5000,0.7020,0.3580,0.3420,0.5910,0.8070,0.4300
France,FRA,1867,0.2030,0.1700,0.5000,0.7020,0.3580,0.3420,0.5910,0.8070,0.4300
France,FRA,1868,0.2030,0.1700,0.5000,0.7020,0.3580,0.3420,0.5910,0.8070,0.4300
France,FRA,1869,0.2030,0.1750,0.5000,0.7020,0.3580,0.3420,0.5910,0.8070,0.4300
France,FRA,1870,0.3170,0.2450,0.5000,0.4450,0.5460,0.2130,0.2230,0.8070,0.2720
France,FRA,1871,0.4480,0.3140,0.5000,0.4450,0.5750,0.3360,0.2230,0.8070,0.2720
France,FRA,1872,0.4790,0.3670,0.5000,0.7330,0.6630,0.8780,0.8300,0.8070,0.5880
France,FRA,1873,0.4790,0.3670,0.5000,0.7330,0.6630,0.8780,0.8300,0.8070,0.5880
France,FRA,1874,0.5060,0.3840,0.5000,0.7330,0.7160,0.8780,0.8300,0.8070,0.5880
France,FRA,1875,0.5060,0.4000,0.5000,0.7330,0.7160,0.8780,0.8300,0.8070,0.5880
France,FRA,1876,0.5060,0.3980,0.5000,0.7330,0.7160,0.8780,0.8300,0.8070,0.5880
France,FRA,1877,0.5070,0.3990,0.5000,0.7330,0.7160,0.8780,0.8300,0.8070,0.5880
France,FRA,1878,0.5230,0.4290,0.5000,0.7330,0.7720,0.8780,0.8300,0.8070,0.5880
France,FRA,1879,0.5400,0.4400,0.5000,0.7330,0.8040,0.8780,0.8300,0.8070,0.7840
France,FRA,1880,0.5510,0.4490,0.5000,0.7640,0.8350,0.8780,0.8300,0.8070,0.7840
France,FRA,1881,0.5490,0.4480,0.5000,0.7640,0.8350,0.8780,0.8300,0.8070,0.7840
France,FRA,1882,0.5470,0.4460,0.5000,0.7640,0.8350,0.8780,0.8300,0.8070,0.7840
France,FRA,1883,0.5470,0.4460,0.5000,0.7640,0.8350,0.8780,0.8300,0.8070,0.7840
France,FRA,1884,0.5470,0.4460,0.5000,0.7640,0.8350,0.8780,0.8300,0.8070,0.7840
France,FRA,1885,0.5470,0.4470,0.5000,0.7640,0.8350,0.8780,0.8300,0.8070,0.7840
France,FRA,1886,0.5490,0.4480,0.5000,0.7640,0.8350,0.8780,0.8300,0.8070,0.7840
France,FRA,1887,0.5490,0.4480,0.5000,0.7640,0.8350,0.8780,0.8300,0.8070,0.7840
France,FRA,1888,0.5490,0.4480,0.5000,0.7640,0.8350,0.8780,0.8300,0.8070,0.7840
France,FRA,1889,0.5490,0.4480,0.5000,0.7640,0.8350,0.8780,0.8300,0.8070,0.7840
France,FRA,1890,0.5480,0.4480,0.5000,0.7640,0.8350,0.8780,0.8300,0.8070,0.7840
France,FRA,1891,0.5480,0.4480,0.5000,0.7640,0.8350,0.8780,0.8300,0.8070,0.7840
France,FRA,1892,0.5480,0.4480,0.5000,0.7640,0.8350,0.8780,0.8300,0.8070,0.7840
France,FRA,1893,0.5420,0.4450,0.5000,0.7640,0.8110,0.8780,0.8300,0.8070,0.7840
France,FRA,1894,0.5430,0.4460,0.5000,0.7640,0.8110,0.8780,0.8300,0.8070,0.7840
France,FRA,1895,0.5430,0.4460,0.5000,0.7640,0.8110,0.8780,0.8300,0.8070,0.7840
France,FRA,1896,0.5430,0.4460,0.5000,0.7640,0.8110,0.8780,0.8300,0.8070,0.7840
France,FRA,1897,0.5430,0.4460,0.5000,0.7640,0.8110,0.8780,0.8300,0.8070,0.7840
France,FRA,1898,0.5520,0.4510,0.5000,0.7640,0.8420,0.8780,0.8300,0.8070,0.7840
France,FRA,1899,0.5510,0.4510,0.5000,0.7640,0.8420,0.8780,0.8300,0.8070,0.7840
France,FRA,1900,0.5570,0.4550,0.5000,0.7640,0.8830,0.8780,0.8300,0.8070,0.7840
France,FRA,1901,0.5650,0.4590,0.5000,0.7640,0.9010,0.8780,0.8300,0.8070,0.7840
France,FRA,1902,0.5600,0.4570,0.5000,0.7420,0.9010,0.8780,0.8300,0.8070,0.7840
France,FRA,1903,0.5580,0.4560,0.5000,0.7420,0.9010,0.8780,0.8300,0.8070,0.7840
France,FRA,1904,0.5580,0.4560,0.5000,0.7420,0.9010,0.8780,0.8300,0.8070,0.7840
France,FRA,1905,0.5580,0.4580,0.5000,0.7820,0.9010,0.8780,0.8300,0.8070,0.7840
France,FRA,1906,0.5600,0.4620,0.5000,0.7920,0.9010,0.8780,0.8300,0.8070,0.7840
France,FRA,1907,0.5610,0.4630,0.5000,0.8010,0.9010,0.8780,0.8300,0.8070,0.7840
France,FRA,1908,0.5610,0.4630,0.5000,0.8010,0.9010,0.8780,0.8300,0.8070,0.7840
France,FRA,1909,0.5610,0.4630,0.5000,0.8010,0.9010,0.8780,0.8300,0.8070,0.7840
France,FRA,1910,0.5650,0.4660,0.5000,0.8010,0.9010,0.8780,0.8300,0.8070,0.7840
France,FRA,1911,0.5670,0.4670,0.5000,0.8010,0.9010,0.8780,0.8300,0.8070,0.7840
France,FRA,1912,0.5670,0.4670,0.5000,0.8010,0.9010,0.8780,0.8300,0.8070,0.7840
France,FRA,1913,0.5670,0.4670,0.5000,0.8010,0.9010,0.8780,0.8300,0.8070,0.7840
France,FRA,1914,0.5100,0.4190,0.5000,0.7860,0.7960,0.8460,0.7920,0.8070,0.6960
France,FRA,1915,0.5090,0.4170,0.5000,0.7860,0.7960,0.8460,0.7920,0.8070,0.6960
France,FRA,1916,0.5090,0.4170,0.5000,0.7930,0.7960,0.8460,0.7920,0.8070,0.6960
France,FRA,1917,0.5090,0.4170,0.5000,0.7930,0.7960,0.8460,0.7920,0.8070,0.6960
France,FRA,1918,0.5150,0.4210,0.5000,0.7930,0.7960,0.8460,0.7920,0.8070,0.6960
France,FRA,1919,0.5330,0.4420,0.5000,0.8050,0.8300,0.8460,0.8280,0.8070,0.7150
France,FRA,1920,0.5670,0.4680,0.5000,0.8110,0.8780,0.8740,0.8280,0.8070,0.7150
France,FRA,1921,0.5670,0.4680,0.5000,0.8110,0.8780,0.8740,0.8280,0.8070,0.7150
France,FRA,1922,0.5670,0.4680,0.5000,0.8110,0.8780,0.8740,0.8280,0.8070,0.7150
France,FRA,1923,0.5670,0.4680,0.5000,0.8110,0.8780,0.8740,0.8280,0.8070,0.7150
France,FRA,1924,0.5670,0.4680,0.5000,0.8110,0.8780,0.8740,0.8280,0.8070,0.7150
France,FRA,1925,0.5630,0.4650,0.5000,0.8110,0.8700,0.8740,0.8280,0.8070,0.7150
France,FRA,1926,0.5630,0.4650,0.5000,0.8110,0.8700,0.8740,0.8280,0.8070,0.7150
France,FRA,1927,0.5630,0.4650,0.5000,0.8110,0.8700,0.8740,0.8280,0.8070,0.7150
France,FRA,1928,0.5620,0.4640,0.5000,0.8110,0.8700,0.8740,0.8280,0.8070,0.7150
France,FRA,1929,0.5620,0.4640,0.5000,0.8110,0.8700,0.8740,0.8280,0.8070,0.7150
France,FRA,1930,0.5620,0.4640,0.5000,0.8110,0.8700,0.8740,0.8280,0.8070,0.7150
France,FRA,1931,0.5620,0.4640,0.5000,0.8110,0.8700,0.8740,0.8280,0.8070,0.7150
France,FRA,1932,0.5600,0.4620,0.5000,0.8110,0.8700,0.8740,0.8280,0.8070,0.7150
France,FRA,1933,0.5590,0.4620,0.5000,0.8110,0.8700,0.8740,0.8280,0.8070,0.7150
France,FRA,1934,0.5600,0.4630,0.5000,0.8110,0.8710,0.8740,0.8280,0.8070,0.7150
France,FRA,1935,0.5590,0.4620,0.5000,0.8110,0.8650,0.8740,0.8280,0.8070,0.7150
France,FRA,1936,0.5510,0.4570,0.5000,0.8110,0.8560,0.8740,0.8280,0.8070,0.7150
France,FRA,1937,0.5520,0.4570,0.5000,0.8110,0.8560,0.8740,0.8280,0.8070,0.7150
France,FRA,1938,0.5520,0.4590,0.5000,0.8110,0.8560,0.8740,0.8280,0.8070,0.7150
France,FRA,1939,0.5350,0.4440,0.5000,0.7590,0.8320,0.8740,0.6680,0.8070,0.7150
France,FRA,1940,0.1860,0.1240,0.5000,0.2880,0.2040,0.3920,0.2120,0.5260,0.1630
France,FRA,1941,0.0830,0.0600,0.5000,0.2920,0.1870,0.3920,0.2070,0.5260,0.1630
France,FRA,1942,0.0830,0.0600,0.5000,0.2920,0.1870,0.3920,0.2070,0.5260,0.1630
France,FRA,1943,0.0830,0.0600,0.5000,0.2920,0.1870,0.3920,0.2070,0.5260,0.1630
France,FRA,1944,0.0840,0.0600,0.5000,0.2920,0.1970,0.3920,0.2070,0.5260,0.1630
France,FRA,1945,0.2080,0.1790,1.0000,0.7450,0.6210,0.7120,0.6980,0.8010,0.8110
France,FRA,1946,0.3620,0.2690,1.0000,0.8850,0.8610,0.8810,0.8930,0.8760,0.9410
France,FRA,1947,0.7010,0.5970,1.0000,0.8890,0.8880,0.8810,0.9140,0.8760,0.9410
France,FRA,1948,0.7420,0.6310,1.0000,0.8890,0.9030,0.8810,0.9140,0.8760,0.9410
France,FRA,1949,0.7420,0.6310,1.0000,0.8890,0.9030,0.8810,0.9140,0.8760,0.9410
France,FRA,1950,0.7510,0.6390,1.0000,0.8890,0.9120,0.8810,0.9140,0.8760,0.9410
France,FRA,1951,0.7510,0.6380,1.0000,0.8890,0.9120,0.8810,0.9140,0.8760,0.9410
France,FRA,1952,0.7520,0.6380,1.0000,0.8890,0.9120,0.8810,0.9140,0.8760,0.9410
France,FRA,1953,0.7520,0.6380,1.0000,0.8890,0.9120,0.8810,0.9140,0.8760,0.9410
France,FRA,1954,0.7210,0.6040,1.0000,0.8890,0.8790,0.7170,0.9140,0.8760,0.9410
France,FRA,1955,0.7370,0.6200,1.0000,0.8890,0.8940,0.7170,0.9140,0.8760,0.9410
France,FRA,1956,0.7430,0.6240,1.0000,0.8890,0.8940,0.7170,0.9140,0.8760,0.9410
France,FRA,1957,0.7510,0.6310,1.0000,0.8890,0.9040,0.7170,0.9140,0.8760,0.9410
France,FRA,1958,0.7560,0.6360,1.0000,0.8890,0.8910,0.6810,0.9140,0.8760,0.8950
France,FRA,1959,0.7480,0.6270,1.0000,0.8890,0.8790,0.6810,0.9140,0.8760,0.8950
France,FRA,1960,0.7500,0.6320,1.0000,0.9040,0.8800,0.6810,0.9140,0.8760,0.8950
France,FRA,1961,0.7500,0.6320,1.0000,0.9040,0.8800,0.6810,0.9140,0.8760,0.8950
France,FRA,1962,0.7500,0.6340,1.0000,0.9210,0.8800,0.6810,0.9140,0.8760,0.8950
France,FRA,1963,0.7740,0.6610,1.0000,0.9240,0.9040,0.8950,0.9140,0.8850,0.8950
France,FRA,1964,0.7740,0.6610,1.0000,0.9240,0.9040,0.8950,0.9140,0.8850,0.8950
France,FRA,1965,0.7740,0.6610,1.0000,0.9240,0.9040,0.8950,0.9140,0.8850,0.8950
France,FRA,1966,0.7750,0.6660,1.0000,0.9310,0.9040,0.8950,0.9140,0.8850,0.8950
France,FRA,1967,0.7820,0.6700,1.0000,0.9310,0.9160,0.8950,0.9140,0.8850,0.8950
France,FRA,1968,0.7790,0.6680,1.0000,0.9420,0.9160,0.9070,0.9140,0.8850,0.8950
France,FRA,1969,0.8070,0.7150,1.0000,0.9420,0.9450,0.9350,0.9140,0.8850,0.9480
France,FRA,1970,0.8320,0.7480,1.0000,0.9420,0.9480,0.9350,0.9140,0.8850,0.9480
France,FRA,1971,0.8360,0.7520,1.0000,0.9420,0.9480,0.9350,0.9140,0.8850,0.9480
France,FRA,1972,0.8300,0.7450,1.0000,0.9420,0.9480,0.9350,0.9140,0.8850,0.9480
France,FRA,1973,0.8410,0.7580,1.0000,0.9420,0.9480,0.9350,0.9140,0.8850,0.9480
France,FRA,1974,0.8440,0.7610,1.0000,0.9420,0.9480,0.9350,0.9140,0.8850,0.9480
France,FRA,1975,0.8530,0.7690,1.0000,0.9420,0.9480,0.9350,0.9140,0.8850,0.9480
France,FRA,1976,0.8530,0.7690,1.0000,0.9420,0.9480,0.9350,0.9140,0.8850,0.9480
France,FRA,1977,0.8530,0.7690,1.0000,0.9420,0.9480,0.9350,0.9140,0.8850,0.9480
France,FRA,1978,0.8550,0.7710,1.0000,0.9420,0.9480,0.9350,0.9140,0.8850,0.9480
France,FRA,1979,0.8550,0.7720,1.0000,0.9420,0.9480,0.9350,0.9140,0.8850,0.9480
France,FRA,1980,0.8550,0.7720,1.0000,0.9420,0.9480,0.9350,0.9140,0.8850,0.9480
France,FRA,1981,0.8640,0.7830,1.0000,0.9420,0.9530,0.9350,0.9140,0.8850,0.9480
France,FRA,1982,0.8680,0.7890,1.0000,0.9420,0.9580,0.9620,0.9140,0.8850,0.9480
France,FRA,1983,0.8680,0.7890,1.0000,0.9420,0.9580,0.9620,0.9140,0.8850,0.9480
France,FRA,1984,0.8680,0.7890,1.0000,0.9420,0.9580,0.9620,0.9140,0.8850,0.9480
France,FRA,1985,0.8680,0.7890,1.0000,0.9420,0.9580,0.9620,0.9140,0.8850,0.9480
France,FRA,1986,0.8680,0.7890,1.0000,0.9420,0.9580,0.9620,0.9140,0.8850,0.9480
France,FRA,1987,0.8680,0.7880,1.0000,0.9420,0.9580,0.9620,0.9140,0.8850,0.9480
France,FRA,1988,0.8760,0.7980,1.0000,0.9420,0.9660,0.9620,0.9140,0.8850,0.9480
France,FRA,1989,0.8770,0.8000,1.0000,0.9420,0.9660,0.9620,0.9140,0.8850,0.9480
France,FRA,1990,0.8770,0.8000,1.0000,0.9420,0.9660,0.9620,0.9140,0.8850,0.9480
France,FRA,1991,0.8770,0.8000,1.0000,0.9420,0.9660,0.9620,0.9140,0.8850,0.9480
France,FRA,1992,0.8770,0.8010,1.0000,0.9420,0.9660,0.9620,0.9140,0.8850,0.9480
France,FRA,1993,0.8760,0.7950,1.0000,0.9420,0.9660,0.9620,0.9140,0.8850,0.9480
France,FRA,1994,0.8760,0.7980,1.0000,0.9420,0.9660,0.9620,0.9140,0.8850,0.9480
France,FRA,1995,0.8710,0.7920,1.0000,0.9420,0.9660,0.9620,0.9140,0.8850,0.9480
France,FRA,1996,0.8740,0.7950,1.0000,0.9420,0.9660,0.9620,0.9140,0.8850,0.9480
France,FRA,1997,0.8760,0.7980,1.0000,0.9420,0.9660,0.9620,0.9140,0.8850,0.9480
France,FRA,1998,0.8770,0.8000,1.0000,0.9420,0.9660,0.9620,0.9140,0.8850,0.9480
France,FRA,1999,0.8770,0.8000,1.0000,0.9420,0.9660,0.9620,0.9140,0.8850,0.9480
France,FRA,2000,0.8770,0.8000,1.0000,0.9420,0.9660,0.9620,0.9140,0.8850,0.9480
France,FRA,2001,0.8770,0.8000,1.0000,0.9420,0.9660,0.9620,0.9140,0.8850,0.9480
France,FRA,2002,0.8750,0.7980,1.0000,0.9420,0.9660,0.9620,0.9140,0.8850,0.9480
France,FRA,2003,0.8740,0.7970,1.0000,0.9420,0.9660,0.9620,0.9140,0.8850,0.9480
France,FRA,2004,0.8740,0.7970,1.0000,0.9420,0.9660,0.9620,0.9140,0.8850,0.9480
France,FRA,2005,0.8740,0.7970,1.0000,0.9420,0.9660,0.9620,0.9140,0.8850,0.9480
France,FRA,2006,0.8740,0.7970,1.0000,0.9420,0.9660,0.9620,0.9140,0.8850,0.9480
France,FRA,2007,0.8780,0.8050,1.0000,0.9420,0.9660,0.9620,0.9140,0.8850,0.9480
France,FRA,2008,0.8860,0.8140,1.0000,0.9410,0.9660,0.9620,0.9140,0.8850,0.9480
France,FRA,2009,0.8860,0.8140,1.0000,0.9410,0.9660,0.9620,0.9140,0.8850,0.9480
France,FRA,2010,0.8860,0.8140,1.0000,0.9410,0.9660,0.9620,0.9140,0.8850,0.9480
France,FRA,2011,0.8890,0.8150,1.0000,0.9410,0.9660,0.9620,0.9140,0.8850,0.9480
France,FRA,2012,0.8910,0.8180,1.0000,0.9390,0.9660,0.9620,0.9140,0.8850,0.9480
France,FRA,2013,0.8920,0.8200,1.0000,0.9390,0.9660,0.9620,0.9140,0.8850,0.9480
France,FRA,2014,0.8910,0.8200,1.0000,0.9290,0.9650,0.9620,0.9140,0.8850,0.9480
France,FRA,2015,0.8850,0.8130,1.0000,0.9290,0.9600,0.9620,0.9140,0.8850,0.9480
France,FRA,2016,0.8850,0.8130,1.0000,0.9290,0.9600,0.9620,0.9140,0.8850,0.9480
France,FRA,2017,0.8870,0.8150,1.0000,0.9290,0.9630,0.9620,0.9140,0.8850,0.9480
France,FRA,2018,0.8750,0.7970,1.0000,0.9350,0.9540,0.9620,0.9140,0.9080,0.9480
France,FRA,2019,0.8670,0.7930,1.0000,0.9270,0.9500,0.9620,0.9140,0.9080,0.9480
France,FRA,2020,0.8660,0.7890,1.0000,0.8820,0.9460,0.9360,0.7870,0.8510,0.9480
France,FRA,2021,0.8670,0.7880,1.0000,0.8790,0.9490,0.9360,0.7870,0.8450,0.9480
France,FRA,2022,0.8780,0.8080,1.0000,0.8690,0.9600,0.9420,0.7870,0.7790,0.9480
France,FRA,2023,0.8760,0.8100,1.0000,0.8660,0.9550,0.9420,0.7800,0.7790,0.9480
France,FRA,2024,0.8660,0.7990,1.0000,0.8660,0.9520,0.9420,0.7800,0.7790,0.9480
United Kingdom,GBR,1789,0.2450,0.2310,0.0250,0.1730,0.6970,0.8220,0.0830,0.0990,0.4090
United Kingdom,GBR,1790,0.2670,0.2410,0.0250,0.1730,0.6970,0.8220,0.0830,0.0990,0.4090
United Kingdom,GBR,1791,0.2800,0.2460,0.0250,0.1730,0.6970,0.8220,0.0830,0.0990,0.4090
United Kingdom,GBR,1792,0.2760,0.2450,0.0250,0.1730,0.6720,0.8220,0.0830,0.0990,0.4090
United Kingdom,GBR,1793,0.2760,0.2450,0.0250,0.1730,0.6720,0.8220,0.0830,0.0990,0.4090
United Kingdom,GBR,1794,0.2760,0.2450,0.0250,0.1730,0.6720,0.8220,0.0830,0.0990,0.4090
United Kingdom,GBR,1795,0.2720,0.2430,0.0250,0.1730,0.6310,0.8220,0.0830,0.0990,0.2290
United Kingdom,GBR,1796,0.2770,0.2510,0.0250,0.2590,0.6310,0.8220,0.3340,0.0990,0.2290
United Kingdom,GBR,1797,0.2730,0.2490,0.0250,0.2590,0.6310,0.8220,0.3340,0.0990,0.2290
United Kingdom,GBR,1798,0.2730,0.2490,0.0250,0.2590,0.6310,0.8220,0.3340,0.0990,0.2290
United Kingdom,GBR,1799,0.2730,0.2490,0.0250,0.2590,0.6310,0.8220,0.3340,0.0990,0.2290
United Kingdom,GBR,1800,0.2730,0.2490,0.0250,0.2590,0.6310,0.8220,0.3340,0.0990,0.2290
United Kingdom,GBR,1801,0.2770,0.2510,0.0250,0.2760,0.6310,0.8220,0.3340,0.0990,0.2290
United Kingdom,GBR,1802,0.2770,0.2510,0.0250,0.2760,0.6310,0.8220,0.3340,0.0990,0.2290
United Kingdom,GBR,1803,0.2740,0.2490,0.0250,0.2760,0.6310,0.8220,0.3340,0.0990,0.2290
United Kingdom,GBR,1804,0.2740,0.2490,0.0250,0.2760,0.6310,0.8220,0.3340,0.0990,0.2290
United Kingdom,GBR,1805,0.2740,0.2490,0.0250,0.2760,0.6310,0.8220,0.3340,0.0990,0.2290
United Kingdom,GBR,1806,0.2770,0.2510,0.0250,0.2760,0.6310,0.8220,0.3340,0.0990,0.2290
United Kingdom,GBR,1807,0.2780,0.2510,0.0250,0.2760,0.6310,0.8220,0.3340,0.0990,0.2290
United Kingdom,GBR,1808,0.2720,0.2490,0.0250,0.2760,0.6310,0.8220,0.3340,0.0990,0.2290
United Kingdom,GBR,1809,0.2720,0.2490,0.0250,0.2760,0.6310,0.8220,0.3340,0.0990,0.2290
United Kingdom,GBR,1810,0.2760,0.2510,0.0250,0.2760,0.6310,0.8220,0.3340,0.0990,0.2290
United Kingdom,GBR,1811,0.2740,0.2500,0.0250,0.2760,0.6310,0.8220,0.3340,0.0990,0.2290
United Kingdom,GBR,1812,0.2770,0.2510,0.0250,0.2760,0.6310,0.8220,0.3340,0.0990,0.2290
United Kingdom,GBR,1813,0.2740,0.2500,0.0250,0.2760,0.6310,0.8220,0.3340,0.0990,0.2290
United Kingdom,GBR,1814,0.2740,0.2500,0.0250,0.2760,0.6310,0.8220,0.3340,0.0990,0.2290
United Kingdom,GBR,1815,0.2740,0.2500,0.0250,0.2760,0.6310,0.8220,0.3340,0.0990,0.2290
United Kingdom,GBR,1816,0.2680,0.2470,0.0250,0.2760,0.5910,0.8220,0.3340,0.0990,0.2290
United Kingdom,GBR,1817,0.2680,0.2470,0.0250,0.2760,0.5910,0.8220,0.3340,0.0990,0.2290
United Kingdom,GBR,1818,0.2720,0.2490,0.0250,0.2760,0.5910,0.8220,0.3340,0.0990,0.2290
United Kingdom,GBR,1819,0.2600,0.2440,0.0250,0.2760,0.5260,0.8220,0.3340,0.0990,0.2290
United Kingdom,GBR,1820,0.2700,0.2480,0.0250,0.2760,0.5690,0.8220,0.3340,0.0990,0.4130
United Kingdom,GBR,1821,0.2640,0.2460,0.0250,0.2760,0.5690,0.8220,0.3340,0.0990,0.4130
United Kingdom,GBR,1822,0.2640,0.2460,0.0250,0.2760,0.5690,0.8220,0.3340,0.0990,0.4130
United Kingdom,GBR,1823,0.2640,0.2460,0.0250,0.2760,0.5690,0.8220,0.3340,0.0990,0.4130
United Kingdom,GBR,1824,0.2640,0.2460,0.0250,0.2760,0.5700,0.8220,0.3340,0.0990,0.4130
United Kingdom,GBR,1825,0.2770,0.2520,0.0250,0.2760,0.6910,0.8220,0.3340,0.0990,0.4130
United Kingdom,GBR,1826,0.2900,0.2570,0.0250,0.2760,0.7360,0.8220,0.3340,0.0990,0.4130
United Kingdom,GBR,1827,0.2840,0.2540,0.0250,0.2760,0.7360,0.8220,0.3340,0.0990,0.4130
United Kingdom,GBR,1828,0.2840,0.2540,0.0250,0.2760,0.7360,0.8220,0.3340,0.0990,0.4130
United Kingdom,GBR,1829,0.2810,0.2520,0.0250,0.2760,0.7050,0.8220,0.3340,0.0990,0.4130
United Kingdom,GBR,1830,0.2860,0.2620,0.0250,0.3840,0.7050,0.8220,0.3340,0.0990,0.4130
United Kingdom,GBR,1831,0.2880,0.2630,0.0250,0.3840,0.7050,0.8220,0.3340,0.0990,0.4130
United Kingdom,GBR,1832,0.2960,0.2670,0.0850,0.3840,0.7050,0.8220,0.3340,0.0990,0.4130
United Kingdom,GBR,1833,0.3020,0.2750,0.0850,0.4070,0.7050,0.8220,0.3340,0.1890,0.4130
United Kingdom,GBR,1834,0.3020,0.2780,0.0850,0.4760,0.7050,0.8220,0.3340,0.5180,0.4130
United Kingdom,GBR,1835,0.3060,0.2880,0.0850,0.6390,0.7050,0.8220,0.7980,0.5180,0.4130
United Kingdom,GBR,1836,0.3020,0.2860,0.0850,0.6390,0.7050,0.8220,0.7980,0.5180,0.4130
United Kingdom,GBR,1837,0.3070,0.2880,0.0850,0.6390,0.7050,0.8220,0.7980,0.5180,0.4130
United Kingdom,GBR,1838,0.3010,0.2850,0.0850,0.6590,0.7050,0.8220,0.7980,0.5180,0.4130
United Kingdom,GBR,1839,0.3060,0.2870,0.0850,0.6590,0.7360,0.8220,0.7980,0.5180,0.4130
United Kingdom,GBR,1840,0.3130,0.2910,0.0850,0.6590,0.7930,0.8220,0.7980,0.5180,0.4130
United Kingdom,GBR,1841,0.3200,0.2940,0.0850,0.6590,0.7930,0.8220,0.7980,0.5180,0.4130
United Kingdom,GBR,1842,0.3140,0.2920,0.0850,0.6590,0.7930,0.8220,0.7980,0.5180,0.4130
United Kingdom,GBR,1843,0.3140,0.2920,0.0850,0.6590,0.7930,0.8220,0.7980,0.5180,0.4130
United Kingdom,GBR,1844,0.3140,0.2950,0.0850,0.7030,0.7930,0.8220,0.7980,0.7860,0.4130
United Kingdom,GBR,1845,0.3140,0.2950,0.0850,0.7030,0.7930,0.8220,0.7980,0.7860,0.4130
United Kingdom,GBR,1846,0.3140,0.2950,0.0850,0.7030,0.7930,0.8220,0.7980,0.7860,0.4130
United Kingdom,GBR,1847,0.3200,0.2980,0.0850,0.7030,0.7930,0.8220,0.7980,0.7860,0.4130
United Kingdom,GBR,1848,0.3120,0.2950,0.0850,0.7030,0.7930,0.8220,0.7980,0.7860,0.4130
United Kingdom,GBR,1849,0.3120,0.2950,0.0850,0.7030,0.7930,0.8220,0.7980,0.7860,0.4130
United Kingdom,GBR,1850,0.3150,0.2950,0.0850,0.7030,0.8080,0.8220,0.7980,0.7860,0.5070
United Kingdom,GBR,1851,0.3160,0.2970,0.0850,0.7030,0.8230,0.8220,0.7980,0.7860,0.6420
United Kingdom,GBR,1852,0.3220,0.3000,0.0850,0.7030,0.8230,0.8220,0.7980,0.7860,0.6420
United Kingdom,GBR,1853,0.3160,0.2970,0.0850,0.7030,0.8230,0.8220,0.7980,0.7860,0.6420
United Kingdom,GBR,1854,0.3160,0.2970,0.0850,0.7030,0.8230,0.8220,0.7980,0.7860,0.6420
United Kingdom,GBR,1855,0.3160,0.2970,0.0850,0.7030,0.8230,0.8220,0.7980,0.7860,0.6420
United Kingdom,GBR,1856,0.3160,0.2970,0.0850,0.7030,0.8230,0.8220,0.7980,0.7860,0.6420
United Kingdom,GBR,1857,0.3210,0.2990,0.0850,0.7030,0.8230,0.8220,0.7980,0.7860,0.6420
United Kingdom,GBR,1858,0.3160,0.2970,0.0850,0.7030,0.8230,0.8220,0.7980,0.7860,0.6420
United Kingdom,GBR,1859,0.3220,0.2990,0.0850,0.7030,0.8230,0.8220,0.7980,0.7860,0.6420
United Kingdom,GBR,1860,0.3170,0.2960,0.0850,0.7030,0.8230,0.8220,0.7980,0.7860,0.6420
United Kingdom,GBR,1861,0.3170,0.3020,0.0850,0.7030,0.8230,0.8220,0.7980,0.7860,0.6420
United Kingdom,GBR,1862,0.3170,0.3020,0.0850,0.7030,0.8230,0.8220,0.7980,0.7860,0.6420
United Kingdom,GBR,1863,0.3170,0.3020,0.0850,0.7030,0.8230,0.8220,0.7980,0.7860,0.6420
United Kingdom,GBR,1864,0.3170,0.3020,0.0850,0.7030,0.8230,0.8220,0.7980,0.7860,0.6420
United Kingdom,GBR,1865,0.3280,0.3080,0.1000,0.7030,0.8230,0.8220,0.7980,0.7860,0.6420
United Kingdom,GBR,1866,0.3270,0.3080,0.1000,0.7030,0.8230,0.8220,0.7980,0.7860,0.6420
United Kingdom,GBR,1867,0.3440,0.3170,0.2000,0.7030,0.8230,0.8220,0.7980,0.7860,0.6420
United Kingdom,GBR,1868,0.3510,0.3230,0.2000,0.7470,0.8230,0.8220,0.7980,0.7860,0.6420
United Kingdom,GBR,1869,0.3450,0.3180,0.2000,0.6940,0.8230,0.8220,0.7980,0.7860,0.6420
United Kingdom,GBR,1870,0.3460,0.3220,0.2000,0.6940,0.8340,0.8220,0.7980,0.7860,0.6420
United Kingdom,GBR,1871,0.3460,0.3230,0.2000,0.7240,0.8340,0.8220,0.7980,0.7860,0.6420
United Kingdom,GBR,1872,0.3460,0.3230,0.2000,0.7240,0.8340,0.8220,0.7980,0.7860,0.6420
United Kingdom,GBR,1873,0.3500,0.3250,0.2000,0.7240,0.8590,0.8220,0.7980,0.7860,0.8120
United Kingdom,GBR,1874,0.3660,0.3350,0.2000,0.7240,0.8590,0.8220,0.7980,0.7860,0.8120
United Kingdom,GBR,1875,0.3630,0.3320,0.2000,0.7240,0.8590,0.8220,0.7980,0.7860,0.8120
United Kingdom,GBR,1876,0.3630,0.3320,0.2000,0.7240,0.8590,0.8220,0.7980,0.7860,0.8120
United Kingdom,GBR,1877,0.3630,0.3320,0.2000,0.7240,0.8590,0.8220,0.7980,0.7860,0.8120
United Kingdom,GBR,1878,0.3630,0.3320,0.2000,0.7240,0.8590,0.8220,0.7980,0.7860,0.8120
United Kingdom,GBR,1879,0.3630,0.3320,0.2000,0.7240,0.8590,0.8220,0.7980,0.7860,0.8120
United Kingdom,GBR,1880,0.3770,0.3440,0.2000,0.7910,0.8590,0.8220,0.7980,0.7860,0.8120
United Kingdom,GBR,1881,0.3780,0.3440,0.2000,0.7910,0.8590,0.8220,0.7980,0.7860,0.8120
United Kingdom,GBR,1882,0.3780,0.3440,0.2000,0.7910,0.8590,0.8220,0.7980,0.7860,0.8120
United Kingdom,GBR,1883,0.3780,0.3520,0.2000,0.8160,0.8590,0.8220,0.7980,0.7860,0.8120
United Kingdom,GBR,1884,0.4120,0.3730,0.3500,0.8160,0.8590,0.8220,0.7980,0.7860,0.8120
United Kingdom,GBR,1885,0.4170,0.3750,0.3500,0.8160,0.8590,0.8220,0.7980,0.7860,0.8120
United Kingdom,GBR,1886,0.4380,0.3880,0.3500,0.8160,0.8590,0.8220,0.7980,0.7860,0.8120
United Kingdom,GBR,1887,0.4410,0.3900,0.3500,0.8160,0.8590,0.8220,0.7980,0.7860,0.8120
United Kingdom,GBR,1888,0.4410,0.3900,0.3500,0.8160,0.8590,0.8220,0.7980,0.7860,0.8120
United Kingdom,GBR,1889,0.4410,0.3900,0.3500,0.8160,0.8590,0.8220,0.7980,0.7860,0.8120
United Kingdom,GBR,1890,0.4410,0.3900,0.3500,0.8160,0.8590,0.8220,0.7980,0.7860,0.8120
United Kingdom,GBR,1891,0.4410,0.3900,0.3500,0.8160,0.8590,0.8220,0.7980,0.7860,0.8120
United Kingdom,GBR,1892,0.4500,0.3960,0.3500,0.8160,0.8590,0.8220,0.7980,0.7860,0.8120
United Kingdom,GBR,1893,0.4650,0.4070,0.3500,0.8160,0.8590,0.8220,0.7980,0.7860,0.8120
United Kingdom,GBR,1894,0.4650,0.4070,0.3500,0.8160,0.8590,0.8220,0.7980,0.7860,0.8120
United Kingdom,GBR,1895,0.4600,0.4030,0.3500,0.8160,0.8590,0.8220,0.7980,0.7860,0.8120
United Kingdom,GBR,1896,0.4650,0.4060,0.3500,0.8160,0.8590,0.8220,0.7980,0.7860,0.8120
United Kingdom,GBR,1897,0.4650,0.4060,0.3500,0.8160,0.8590,0.8220,0.7980,0.7860,0.8120
United Kingdom,GBR,1898,0.4670,0.4070,0.3500,0.8160,0.8650,0.8220,0.7980,0.7860,0.8120
United Kingdom,GBR,1899,0.4670,0.4070,0.3500,0.8160,0.8650,0.8220,0.7980,0.7860,0.8120
United Kingdom,GBR,1900,0.4710,0.4140,0.3500,0.8160,0.8770,0.8220,0.7980,0.7860,0.8120
United Kingdom,GBR,1901,0.4790,0.4200,0.3500,0.8160,0.8780,0.8220,0.7980,0.7860,0.7880
United Kingdom,GBR,1902,0.4790,0.4200,0.3500,0.8160,0.8780,0.8220,0.7980,0.7860,0.7880
United Kingdom,GBR,1903,0.4790,0.4200,0.3500,0.8160,0.8780,0.8220,0.7980,0.7860,0.7880
United Kingdom,GBR,1904,0.4790,0.4200,0.3500,0.8160,0.8780,0.8220,0.7980,0.7860,0.7880
United Kingdom,GBR,1905,0.4790,0.4200,0.3500,0.8160,0.8780,0.8220,0.7980,0.7860,0.7880
United Kingdom,GBR,1906,0.4780,0.4190,0.3500,0.8160,0.8800,0.8220,0.7980,0.7860,0.7880
United Kingdom,GBR,1907,0.4780,0.4190,0.3500,0.8160,0.8800,0.8220,0.7980,0.7860,0.7880
United Kingdom,GBR,1908,0.4780,0.4190,0.3500,0.8160,0.8800,0.8220,0.7980,0.7860,0.7880
United Kingdom,GBR,1909,0.4780,0.4190,0.3500,0.8160,0.8800,0.8220,0.7980,0.7860,0.7880
United Kingdom,GBR,1910,0.4800,0.4210,0.3500,0.8280,0.8800,0.8220,0.7980,0.8420,0.7880
United Kingdom,GBR,1911,0.4800,0.4210,0.3500,0.8280,0.8800,0.8220,0.7980,0.8420,0.7880
United Kingdom,GBR,1912,0.4800,0.4200,0.3500,0.8280,0.8800,0.8220,0.7980,0.8420,0.7880
United Kingdom,GBR,1913,0.4800,0.4200,0.3500,0.8280,0.8800,0.8220,0.7980,0.8420,0.7880
United Kingdom,GBR,1914,0.4670,0.4090,0.3500,0.8190,0.8470,0.8220,0.7980,0.8420,0.7480
United Kingdom,GBR,1915,0.4640,0.4060,0.3500,0.8190,0.8470,0.8220,0.7980,0.8420,0.7480
United Kingdom,GBR,1916,0.4640,0.4060,0.3500,0.8190,0.8470,0.7790,0.7980,0.8420,0.7480
United Kingdom,GBR,1917,0.4640,0.4060,0.3500,0.8190,0.8470,0.7790,0.7980,0.8420,0.7480
United Kingdom,GBR,1918,0.4640,0.4060,0.3500,0.8190,0.8470,0.7790,0.7980,0.8420,0.7480
United Kingdom,GBR,1919,0.7040,0.5920,1.0000,0.8360,0.8730,0.7790,0.8510,0.8420,0.8160
United Kingdom,GBR,1920,0.7050,0.5970,1.0000,0.8450,0.8770,0.7790,0.8510,0.8420,0.8320
United Kingdom,GBR,1921,0.7050,0.5970,1.0000,0.8450,0.8770,0.7790,0.8510,0.8420,0.8320
United Kingdom,GBR,1922,0.7060,0.5980,1.0000,0.8450,0.8770,0.7790,0.8510,0.8420,0.8320
United Kingdom,GBR,1923,0.7180,0.6100,1.0000,0.8450,0.8770,0.7790,0.8510,0.8420,0.8320
United Kingdom,GBR,1924,0.7200,0.6160,1.0000,0.8490,0.8770,0.8560,0.8510,0.8420,0.8320
United Kingdom,GBR,1925,0.7200,0.6140,1.0000,0.8490,0.8770,0.8560,0.8510,0.8420,0.8320
United Kingdom,GBR,1926,0.7200,0.6170,1.0000,0.8600,0.8770,0.8560,0.8510,0.8420,0.8320
United Kingdom,GBR,1927,0.7200,0.6150,1.0000,0.8600,0.8730,0.8560,0.8510,0.8420,0.8320
United Kingdom,GBR,1928,0.7200,0.6160,1.0000,0.8600,0.8730,0.8560,0.8510,0.8420,0.8320
United Kingdom,GBR,1929,0.7220,0.6180,1.0000,0.8600,0.8730,0.8560,0.8510,0.8420,0.8320
United Kingdom,GBR,1930,0.7260,0.6220,1.0000,0.8600,0.8750,0.8560,0.8510,0.8420,0.8530
United Kingdom,GBR,1931,0.7240,0.6130,1.0000,0.8600,0.8750,0.8560,0.8510,0.8420,0.8530
United Kingdom,GBR,1932,0.7290,0.6200,1.0000,0.8600,0.8750,0.8560,0.8510,0.8420,0.8530
United Kingdom,GBR,1933,0.7290,0.6200,1.0000,0.8600,0.8750,0.8560,0.8510,0.8420,0.8530
United Kingdom,GBR,1934,0.7290,0.6200,1.0000,0.8600,0.8750,0.8560,0.8510,0.8420,0.8530
United Kingdom,GBR,1935,0.7300,0.6200,1.0000,0.8600,0.8750,0.8560,0.8510,0.8420,0.8530
United Kingdom,GBR,1936,0.7310,0.6190,1.0000,0.8600,0.8800,0.8560,0.8510,0.8420,0.8710
United Kingdom,GBR,1937,0.7310,0.6190,1.0000,0.8600,0.8800,0.8560,0.8510,0.8420,0.8710
United Kingdom,GBR,1938,0.7310,0.6190,1.0000,0.8600,0.8800,0.8560,0.8510,0.8420,0.8710
United Kingdom,GBR,1939,0.7010,0.5910,1.0000,0.8440,0.8570,0.8560,0.8350,0.8420,0.8710
United Kingdom,GBR,1940,0.7060,0.5880,1.0000,0.8440,0.8570,0.8560,0.8350,0.8420,0.8710
United Kingdom,GBR,1941,0.7060,0.5880,1.0000,0.8440,0.8570,0.8560,0.8350,0.8420,0.8710
United Kingdom,GBR,1942,0.7060,0.5880,1.0000,0.8440,0.8570,0.8560,0.8350,0.8420,0.8710
United Kingdom,GBR,1943,0.7060,0.5880,1.0000,0.8440,0.8570,0.8560,0.8350,0.8420,0.8710
United Kingdom,GBR,1944,0.7060,0.5880,1.0000,0.8440,0.8570,0.8560,0.8350,0.8420,0.8710
United Kingdom,GBR,1945,0.7120,0.5980,1.0000,0.8440,0.8570,0.8560,0.8350,0.8420,0.8710
United Kingdom,GBR,1946,0.7870,0.6810,1.0000,0.8900,0.9030,0.8560,0.8920,0.8420,0.9080
United Kingdom,GBR,1947,0.7920,0.6870,1.0000,0.8900,0.9140,0.8560,0.8920,0.8420,0.9080
United Kingdom,GBR,1948,0.7920,0.6870,1.0000,0.8900,0.9140,0.8560,0.8920,0.8420,0.9080
United Kingdom,GBR,1949,0.7920,0.6870,1.0000,0.8900,0.9140,0.8560,0.8920,0.8420,0.9080
United Kingdom,GBR,1950,0.8140,0.7070,1.0000,0.8900,0.9230,0.8560,0.8920,0.8420,0.9080
United Kingdom,GBR,1951,0.8140,0.7070,1.0000,0.8900,0.9230,0.8560,0.8920,0.8420,0.9080
United Kingdom,GBR,1952,0.8120,0.7050,1.0000,0.8900,0.9230,0.8290,0.8920,0.8420,0.9080
United Kingdom,GBR,1953,0.8120,0.7050,1.0000,0.8900,0.9230,0.8290,0.8920,0.8420,0.9080
United Kingdom,GBR,1954,0.8120,0.7050,1.0000,0.8900,0.9230,0.8290,0.8920,0.8420,0.9080
United Kingdom,GBR,1955,0.8110,0.7040,1.0000,0.8900,0.9230,0.8290,0.8920,0.8420,0.9080
United Kingdom,GBR,1956,0.8100,0.7030,1.0000,0.8900,0.9230,0.8290,0.8920,0.8420,0.9080
United Kingdom,GBR,1957,0.8100,0.7030,1.0000,0.8900,0.9230,0.8290,0.8920,0.8420,0.9080
United Kingdom,GBR,1958,0.8100,0.7030,1.0000,0.8900,0.9230,0.8290,0.8920,0.8420,0.9080
United Kingdom,GBR,1959,0.8100,0.7030,1.0000,0.8900,0.9230,0.8290,0.8920,0.8420,0.9080
United Kingdom,GBR,1960,0.8100,0.7000,1.0000,0.8900,0.9230,0.8290,0.8920,0.8420,0.9080
United Kingdom,GBR,1961,0.8100,0.7010,1.0000,0.8910,0.9230,0.8290,0.8920,0.8420,0.9080
United Kingdom,GBR,1962,0.8100,0.7010,1.0000,0.8910,0.9230,0.8290,0.8920,0.8420,0.9080
United Kingdom,GBR,1963,0.8100,0.7010,1.0000,0.8910,0.9230,0.8290,0.8920,0.8420,0.9080
United Kingdom,GBR,1964,0.8130,0.7180,1.0000,0.8910,0.9230,0.8290,0.8920,0.8420,0.9080
United Kingdom,GBR,1965,0.8250,0.7330,1.0000,0.8990,0.9280,0.8290,0.8920,0.8420,0.9080
United Kingdom,GBR,1966,0.8270,0.7340,1.0000,0.8990,0.9280,0.8290,0.8920,0.8420,0.9080
United Kingdom,GBR,1967,0.8330,0.7410,1.0000,0.8990,0.9340,0.8290,0.8920,0.8420,0.9080
United Kingdom,GBR,1968,0.8200,0.7300,1.0000,0.8990,0.9130,0.7770,0.8920,0.8420,0.6660
United Kingdom,GBR,1969,0.8200,0.7300,1.0000,0.8990,0.9130,0.7770,0.8920,0.8420,0.6660
United Kingdom,GBR,1970,0.8260,0.7340,1.0000,0.8950,0.9130,0.7390,0.8920,0.8220,0.6660
United Kingdom,GBR,1971,0.8260,0.7390,1.0000,0.8950,0.9130,0.7390,0.8920,0.8220,0.6660
United Kingdom,GBR,1972,0.8260,0.7390,1.0000,0.8950,0.9130,0.7390,0.8920,0.8220,0.6660
United Kingdom,GBR,1973,0.8260,0.7390,1.0000,0.8950,0.9130,0.7390,0.8920,0.8220,0.6660
United Kingdom,GBR,1974,0.8250,0.7410,1.0000,0.8950,0.9130,0.7390,0.8920,0.8220,0.6660
United Kingdom,GBR,1975,0.8240,0.7400,1.0000,0.8950,0.9130,0.7390,0.8920,0.8220,0.6660
United Kingdom,GBR,1976,0.8240,0.7400,1.0000,0.8950,0.9130,0.7390,0.8920,0.8220,0.6660
United Kingdom,GBR,1977,0.8240,0.7400,1.0000,0.8950,0.9130,0.7390,0.8920,0.8220,0.6660
United Kingdom,GBR,1978,0.8240,0.7400,1.0000,0.8950,0.9130,0.7390,0.8920,0.8220,0.6660
United Kingdom,GBR,1979,0.8180,0.7310,1.0000,0.8950,0.9130,0.7390,0.8920,0.8220,0.6660
United Kingdom,GBR,1980,0.8090,0.7240,1.0000,0.9030,0.8980,0.7390,0.8920,0.8220,0.6660
United Kingdom,GBR,1981,0.8090,0.7330,1.0000,0.9030,0.8980,0.7390,0.8920,0.8220,0.6660
United Kingdom,GBR,1982,0.8090,0.7330,1.0000,0.9030,0.8980,0.7390,0.8920,0.8220,0.6660
United Kingdom,GBR,1983,0.8080,0.7330,1.0000,0.9030,0.8980,0.7390,0.8920,0.8220,0.6660
United Kingdom,GBR,1984,0.8080,0.7320,1.0000,0.9030,0.8980,0.7390,0.8920,0.8220,0.6660
United Kingdom,GBR,1985,0.8080,0.7320,1.0000,0.9030,0.8980,0.7390,0.8920,0.8220,0.6660
United Kingdom,GBR,1986,0.8080,0.7320,1.0000,0.9030,0.8980,0.7390,0.8920,0.8220,0.6660
United Kingdom,GBR,1987,0.8090,0.7330,1.0000,0.9030,0.8980,0.7390,0.8920,0.8220,0.6660
United Kingdom,GBR,1988,0.8110,0.7340,1.0000,0.9030,0.8980,0.7390,0.8920,0.8220,0.6660
United Kingdom,GBR,1989,0.8110,0.7340,1.0000,0.9030,0.8980,0.7390,0.8920,0.8220,0.6660
United Kingdom,GBR,1990,0.8210,0.7480,1.0000,0.8970,0.9030,0.8300,0.8830,0.8220,0.6660
United Kingdom,GBR,1991,0.8210,0.7480,1.0000,0.8970,0.9030,0.8300,0.8830,0.8220,0.6660
United Kingdom,GBR,1992,0.8180,0.7460,1.0000,0.8970,0.9030,0.8300,0.8830,0.8220,0.6660
United Kingdom,GBR,1993,0.8170,0.7490,1.0000,0.8970,0.9030,0.8300,0.8830,0.8220,0.6660
United Kingdom,GBR,1994,0.8170,0.7520,1.0000,0.8970,0.9030,0.8910,0.8830,0.8220,0.6660
United Kingdom,GBR,1995,0.8170,0.7520,1.0000,0.8970,0.9030,0.8910,0.8830,0.8220,0.6660
United Kingdom,GBR,1996,0.8170,0.7520,1.0000,0.8970,0.9030,0.8910,0.8830,0.8220,0.6660
United Kingdom,GBR,1997,0.8130,0.7470,1.0000,0.8970,0.9030,0.8910,0.8830,0.8220,0.6660
United Kingdom,GBR,1998,0.8140,0.7500,1.0000,0.8970,0.9030,0.9540,0.8830,0.8220,0.6660
United Kingdom,GBR,1999,0.8370,0.7740,1.0000,0.8970,0.9380,0.9780,0.8830,0.8220,0.9660
United Kingdom,GBR,2000,0.8500,0.7870,1.0000,0.9090,0.9510,0.9780,0.8830,0.8220,0.9660
United Kingdom,GBR,2001,0.8590,0.7940,1.0000,0.9090,0.9570,0.9610,0.8830,0.8220,0.9660
United Kingdom,GBR,2002,0.8630,0.8010,1.0000,0.9010,0.9540,0.9640,0.8830,0.8220,0.9660
United Kingdom,GBR,2003,0.8630,0.8010,1.0000,0.9010,0.9540,0.9640,0.8830,0.8220,0.9660
United Kingdom,GBR,2004,0.8630,0.8010,1.0000,0.9010,0.9540,0.9640,0.8830,0.8220,0.9660
United Kingdom,GBR,2005,0.8650,0.8040,1.0000,0.9010,0.9540,0.9640,0.8830,0.8220,0.9660
United Kingdom,GBR,2006,0.8670,0.8050,1.0000,0.9010,0.9560,0.9640,0.8830,0.8220,0.9660
United Kingdom,GBR,2007,0.8670,0.8050,1.0000,0.9010,0.9560,0.9640,0.8830,0.8220,0.9660
United Kingdom,GBR,2008,0.8670,0.8050,1.0000,0.9010,0.9560,0.9640,0.8830,0.8220,0.9660
United Kingdom,GBR,2009,0.8670,0.8050,1.0000,0.9010,0.9560,0.9640,0.8830,0.8220,0.9660
United Kingdom,GBR,2010,0.8660,0.8030,1.0000,0.9010,0.9530,0.9640,0.8830,0.8220,0.9660
United Kingdom,GBR,2011,0.8670,0.8030,1.0000,0.9010,0.9530,0.9640,0.8830,0.8220,0.9660
United Kingdom,GBR,2012,0.8670,0.8040,1.0000,0.8930,0.9540,0.9480,0.8830,0.8050,0.9740
United Kingdom,GBR,2013,0.8660,0.7990,1.0000,0.8560,0.9480,0.9260,0.8830,0.6700,0.9030
United Kingdom,GBR,2014,0.8660,0.8000,1.0000,0.8560,0.9450,0.9260,0.8830,0.6700,0.9030
United Kingdom,GBR,2015,0.8580,0.7910,1.0000,0.8560,0.9450,0.9260,0.8830,0.6700,0.9030
United Kingdom,GBR,2016,0.8560,0.7880,1.0000,0.8560,0.9450,0.9260,0.8830,0.6700,0.9030
United Kingdom,GBR,2017,0.8670,0.8040,1.0000,0.8650,0.9560,0.9260,0.8830,0.7900,0.9670
United Kingdom,GBR,2018,0.8740,0.8090,1.0000,0.8810,0.9560,0.9260,0.8830,0.7900,0.9670
United Kingdom,GBR,2019,0.8550,0.7870,1.0000,0.8800,0.9490,0.9170,0.8830,0.8050,0.9670
United Kingdom,GBR,2020,0.8700,0.8000,1.0000,0.8260,0.9510,0.9240,0.8020,0.8050,0.9670
United Kingdom,GBR,2021,0.8590,0.7820,1.0000,0.8230,0.9440,0.8980,0.8020,0.7710,0.9670
United Kingdom,GBR,2022,0.8420,0.7660,1.0000,0.8520,0.9330,0.8980,0.8020,0.7940,0.9670
United Kingdom,GBR,2023,0.8470,0.7680,1.0000,0.8440,0.9420,0.8980,0.8020,0.7940,0.9670
United Kingdom,GBR,2024,0.8330,0.7520,1.0000,0.8410,0.9150,0.8980,0.7540,0.7470,0.8990
New Zealand,NZL,1841,,,0.0000,0.8810,,0.9780,0.9020,0.9160,0.9030
New Zealand,NZL,1842,,,0.0000,0.8810,,0.9780,0.9020,0.9160,0.9030
New Zealand,NZL,1843,,,0.0000,0.8810,,0.9780,0.9020,0.9160,0.9030
New Zealand,NZL,1844,,,0.0000,0.8810,,0.9780,0.9020,0.9160,0.9030
New Zealand,NZL,1845,,,0.0000,0.8810,,0.9780,0.9020,0.9160,0.9030
New Zealand,NZL,1846,,,0.0000,0.8810,,0.9780,0.9020,0.9160,0.9030
New Zealand,NZL,1847,,,0.0000,0.8810,,0.9780,0.9020,0.9160,0.9030
New Zealand,NZL,1848,,,0.0000,0.8810,,0.9780,0.9020,0.9160,0.9030
New Zealand,NZL,1849,,,0.0000,0.8810,,0.9780,0.9020,0.9160,0.9030
New Zealand,NZL,1850,,,0.0000,0.8810,,0.9780,0.9020,0.9160,0.9030
New Zealand,NZL,1851,,,0.0000,0.8810,,0.9780,0.9020,0.9160,0.9030
New Zealand,NZL,1852,,,0.3750,0.8810,,0.9780,0.9020,0.9160,0.9030
New Zealand,NZL,1853,0.2700,0.3050,0.3750,0.8810,0.8750,0.9780,0.9020,0.9160,0.9030
New Zealand,NZL,1854,0.3200,0.3300,0.3750,0.8810,0.8750,0.9780,0.9020,0.9160,0.9030
New Zealand,NZL,1855,0.3200,0.3300,0.3750,0.8810,0.8750,0.9780,0.9020,0.9160,0.9030
New Zealand,NZL,1856,0.3970,0.3790,0.3750,0.8810,0.8750,0.9780,0.9020,0.9160,0.9030
New Zealand,NZL,1857,0.4740,0.4270,0.3750,0.8810,0.8750,0.9780,0.9020,0.9160,0.9030
New Zealand,NZL,1858,0.4740,0.4270,0.3750,0.8810,0.8750,0.9780,0.9020,0.9160,0.9030
New Zealand,NZL,1859,0.4660,0.4220,0.3500,0.8810,0.8750,0.9780,0.9020,0.9160,0.9030
New Zealand,NZL,1860,0.4670,0.4220,0.3500,0.8810,0.8750,0.9780,0.9020,0.9160,0.9030
New Zealand,NZL,1861,0.4990,0.4440,0.3500,0.8810,0.8980,0.9780,0.9020,0.9160,0.9030
New Zealand,NZL,1862,0.5020,0.4470,0.3500,0.8810,0.9060,0.9780,0.9020,0.9160,0.9030
New Zealand,NZL,1863,0.5020,0.4470,0.3500,0.8810,0.9060,0.9780,0.9020,0.9160,0.9030
New Zealand,NZL,1864,0.5020,0.4470,0.3500,0.8810,0.9060,0.9780,0.9020,0.9160,0.9030
New Zealand,NZL,1865,0.5020,0.4470,0.3500,0.8810,0.9060,0.9780,0.9020,0.9160,0.9030
New Zealand,NZL,1866,0.5040,0.4470,0.3500,0.8810,0.9060,0.9780,0.9020,0.9160,0.9030
New Zealand,NZL,1867,0.5040,0.4480,0.3500,0.8810,0.9060,0.9780,0.9020,0.9160,0.9030
New Zealand,NZL,1868,0.5020,0.4460,0.3500,0.8810,0.9060,0.9780,0.9020,0.9160,0.9030
New Zealand,NZL,1869,0.5010,0.4460,0.3500,0.8810,0.9060,0.9780,0.9020,0.9160,0.9030
New Zealand,NZL,1870,0.5010,0.4460,0.3500,0.8810,0.9060,0.9780,0.9020,0.9160,0.9030
New Zealand,NZL,1871,0.5160,0.4570,0.3500,0.8810,0.9060,0.9780,0.9020,0.9160,0.9030
New Zealand,NZL,1872,0.5170,0.4580,0.3500,0.8810,0.9060,0.9780,0.9020,0.9160,0.9030
New Zealand,NZL,1873,0.5170,0.4580,0.3500,0.8810,0.9060,0.9780,0.9020,0.9160,0.9030
New Zealand,NZL,1874,0.5170,0.4580,0.3500,0.8810,0.9060,0.9780,0.9020,0.9160,0.9030
New Zealand,NZL,1875,0.5170,0.4580,0.3500,0.8810,0.9060,0.9780,0.9020,0.9160,0.9030
New Zealand,NZL,1876,0.5170,0.4570,0.3500,0.8810,0.9060,0.9780,0.9020,0.9160,0.9030
New Zealand,NZL,1877,0.5170,0.4570,0.3500,0.8810,0.9060,0.9780,0.9020,0.9160,0.9030
New Zealand,NZL,1878,0.5170,0.4570,0.3500,0.8810,0.9060,0.9780,0.9020,0.9160,0.9030
New Zealand,NZL,1879,0.5740,0.5000,0.5000,0.8810,0.9060,0.9780,0.9020,0.9160,0.9030
New Zealand,NZL,1880,0.5760,0.5010,0.5000,0.8810,0.9060,0.9780,0.9020,0.9160,0.9030
New Zealand,NZL,1881,0.5750,0.5010,0.5000,0.8810,0.9060,0.9780,0.9020,0.9160,0.9030
New Zealand,NZL,1882,0.5740,0.5010,0.5000,0.8810,0.9060,0.9780,0.9020,0.9160,0.9030
New Zealand,NZL,1883,0.5740,0.5010,0.5000,0.8810,0.9060,0.9780,0.9020,0.9160,0.9030
New Zealand,NZL,1884,0.5740,0.5030,0.5000,0.9340,0.9060,0.9780,0.9020,0.9160,0.9030
New Zealand,NZL,1885,0.5740,0.5020,0.5000,0.9340,0.9060,0.9780,0.9020,0.9160,0.9030
New Zealand,NZL,1886,0.5740,0.5020,0.5000,0.9340,0.9060,0.9780,0.9020,0.9160,0.9030
New Zealand,NZL,1887,0.5730,0.5040,0.5000,0.9340,0.9060,0.9780,0.9020,0.9160,0.9030
New Zealand,NZL,1888,0.5710,0.5030,0.5000,0.9340,0.9060,0.9780,0.9020,0.9160,0.9030
New Zealand,NZL,1889,0.5710,0.5040,0.5000,0.9340,0.9060,0.9780,0.9020,0.9160,0.9030
New Zealand,NZL,1890,0.5670,0.5000,0.5000,0.9340,0.8920,0.9780,0.9020,0.9160,0.9030
New Zealand,NZL,1891,0.5750,0.5060,0.5000,0.9340,0.9140,0.9780,0.9020,0.9160,0.9030
New Zealand,NZL,1892,0.5750,0.5060,0.5000,0.9340,0.9140,0.9780,0.9020,0.9160,0.9030
New Zealand,NZL,1893,0.7640,0.6690,1.0000,0.9340,0.9140,0.9780,0.9020,0.9160,0.9030
New Zealand,NZL,1894,0.7610,0.6670,1.0000,0.9340,0.9140,0.9780,0.9020,0.9160,0.9030
New Zealand,NZL,1895,0.7610,0.6670,1.0000,0.9340,0.9140,0.9780,0.9020,0.9160,0.9030
New Zealand,NZL,1896,0.7620,0.6680,1.0000,0.9340,0.9140,0.9780,0.9020,0.9160,0.9030
New Zealand,NZL,1897,0.7710,0.6750,1.0000,0.9340,0.9140,0.9780,0.9020,0.9160,0.9030
New Zealand,NZL,1898,0.7710,0.6750,1.0000,0.9340,0.9140,0.9780,0.9020,0.9160,0.9030
New Zealand,NZL,1899,0.7710,0.6750,1.0000,0.9340,0.9140,0.9780,0.9020,0.9160,0.9030
New Zealand,NZL,1900,0.7840,0.6860,1.0000,0.9340,0.9210,0.9780,0.9020,0.9160,0.9030
New Zealand,NZL,1901,0.7970,0.6990,1.0000,0.9340,0.9360,0.9780,0.9020,0.9160,0.9030
New Zealand,NZL,1902,0.7970,0.6990,1.0000,0.9340,0.9360,0.9780,0.9020,0.9160,0.9030
New Zealand,NZL,1903,0.7990,0.7010,1.0000,0.9340,0.9360,0.9780,0.9020,0.9160,0.9030
New Zealand,NZL,1904,0.7990,0.7010,1.0000,0.9340,0.9360,0.9780,0.9020,0.9160,0.9030
New Zealand,NZL,1905,0.8000,0.7010,1.0000,0.9340,0.9360,0.9780,0.9020,0.9160,0.9030
New Zealand,NZL,1906,0.8010,0.7020,1.0000,0.9340,0.9360,0.9780,0.9020,0.9160,0.9030
New Zealand,NZL,1907,0.8010,0.7020,1.0000,0.9340,0.9360,0.9780,0.9020,0.9160,0.9030
New Zealand,NZL,1908,0.8010,0.7030,1.0000,0.9340,0.9360,0.9780,0.9020,0.9160,0.9030
New Zealand,NZL,1909,0.8010,0.7050,1.0000,0.9340,0.9360,0.9780,0.9020,0.9160,0.9030
New Zealand,NZL,1910,0.8010,0.7050,1.0000,0.9340,0.9360,0.9780,0.9020,0.9160,0.9030
New Zealand,NZL,1911,0.8020,0.7060,1.0000,0.9340,0.9360,0.9780,0.9020,0.9160,0.9030
New Zealand,NZL,1912,0.7820,0.6870,1.0000,0.9340,0.8960,0.9780,0.9020,0.9160,0.8820
New Zealand,NZL,1913,0.7840,0.6890,1.0000,0.9340,0.9020,0.9780,0.9020,0.9160,0.9050
New Zealand,NZL,1914,0.7800,0.6840,1.0000,0.9270,0.8900,0.9740,0.9020,0.9160,0.8100
New Zealand,NZL,1915,0.7720,0.6780,1.0000,0.9270,0.8790,0.9740,0.9020,0.9160,0.8100
New Zealand,NZL,1916,0.7720,0.6780,1.0000,0.9270,0.8790,0.9740,0.9020,0.9160,0.8100
New Zealand,NZL,1917,0.7630,0.6690,1.0000,0.9270,0.8710,0.9740,0.9020,0.9160,0.8100
New Zealand,NZL,1918,0.7630,0.6690,1.0000,0.9270,0.8710,0.9740,0.9020,0.9160,0.8100
New Zealand,NZL,1919,0.8010,0.7060,1.0000,0.9270,0.9230,0.9870,0.9020,0.9160,0.9040
New Zealand,NZL,1920,0.8100,0.7150,1.0000,0.9330,0.9280,0.9870,0.9020,0.9160,0.9040
New Zealand,NZL,1921,0.8070,0.7110,1.0000,0.9330,0.9250,0.9870,0.9020,0.9160,0.8810
New Zealand,NZL,1922,0.8110,0.7150,1.0000,0.9330,0.9310,0.9870,0.9020,0.9160,0.9080
New Zealand,NZL,1923,0.8100,0.7160,1.0000,0.9330,0.9310,0.9870,0.9020,0.9160,0.9080
New Zealand,NZL,1924,0.8100,0.7160,1.0000,0.9330,0.9310,0.9870,0.9020,0.9160,0.9080
New Zealand,NZL,1925,0.8110,0.7170,1.0000,0.9330,0.9310,0.9870,0.9020,0.9160,0.9080
New Zealand,NZL,1926,0.8130,0.7200,1.0000,0.9330,0.9310,0.9870,0.9020,0.9160,0.9080
New Zealand,NZL,1927,0.8130,0.7200,1.0000,0.9330,0.9310,0.9870,0.9020,0.9160,0.9080
New Zealand,NZL,1928,0.8130,0.7190,1.0000,0.9330,0.9310,0.9870,0.9020,0.9160,0.9080
New Zealand,NZL,1929,0.8090,0.7150,1.0000,0.9330,0.9310,0.9870,0.9020,0.9160,0.9080
New Zealand,NZL,1930,0.8090,0.7150,1.0000,0.9330,0.9310,0.9870,0.9020,0.9160,0.9080
New Zealand,NZL,1931,0.8090,0.7150,1.0000,0.9330,0.9310,0.9870,0.9020,0.9160,0.9080
New Zealand,NZL,1932,0.8010,0.7060,1.0000,0.9330,0.9160,0.9870,0.9020,0.9160,0.9080
New Zealand,NZL,1933,0.8110,0.7180,1.0000,0.9330,0.9310,0.9870,0.9020,0.9160,0.9080
New Zealand,NZL,1934,0.8110,0.7180,1.0000,0.9330,0.9310,0.9870,0.9020,0.9160,0.9080
New Zealand,NZL,1935,0.8010,0.7050,1.0000,0.9330,0.9160,0.9870,0.9020,0.9160,0.9080
New Zealand,NZL,1936,0.7950,0.6990,1.0000,0.9330,0.9060,0.9870,0.9020,0.9160,0.9080
New Zealand,NZL,1937,0.7950,0.6990,1.0000,0.9330,0.9060,0.9870,0.9020,0.9160,0.9080
New Zealand,NZL,1938,0.7940,0.6980,1.0000,0.9330,0.9060,0.9870,0.9020,0.9160,0.9080
New Zealand,NZL,1939,0.7820,0.6890,1.0000,0.9250,0.8900,0.9870,0.9020,0.9160,0.7980
New Zealand,NZL,1940,0.7690,0.6770,1.0000,0.9250,0.8770,0.9870,0.9020,0.9160,0.7980
New Zealand,NZL,1941,0.7690,0.6770,1.0000,0.9250,0.8770,0.9870,0.9020,0.9160,0.7980
New Zealand,NZL,1942,0.7690,0.6770,1.0000,0.9250,0.8770,0.9870,0.9020,0.9160,0.7980
New Zealand,NZL,1943,0.7690,0.6770,1.0000,0.9250,0.8770,0.9870,0.9020,0.9160,0.7980
New Zealand,NZL,1944,0.7690,0.6770,1.0000,0.9250,0.8770,0.9870,0.9020,0.9160,0.7980
New Zealand,NZL,1945,0.7690,0.6770,1.0000,0.9250,0.8770,0.9870,0.9020,0.9160,0.7980
New Zealand,NZL,1946,0.7920,0.6980,1.0000,0.9250,0.9080,0.9870,0.9020,0.9160,0.8690
New Zealand,NZL,1947,0.7940,0.6980,1.0000,0.9310,0.9140,0.9870,0.9020,0.9160,0.9090
New Zealand,NZL,1948,0.7940,0.6980,1.0000,0.9310,0.9140,0.9870,0.9020,0.9160,0.9090
New Zealand,NZL,1949,0.7950,0.7000,1.0000,0.9310,0.9140,0.9870,0.9020,0.9160,0.9090
New Zealand,NZL,1950,0.7980,0.7060,1.0000,0.9310,0.9140,0.9870,0.9020,0.9160,0.9090
New Zealand,NZL,1951,0.7660,0.6720,1.0000,0.9310,0.8730,0.9870,0.9020,0.9160,0.7940
New Zealand,NZL,1952,0.7850,0.6910,1.0000,0.9310,0.9140,0.9870,0.9020,0.9160,0.9130
New Zealand,NZL,1953,0.7850,0.6910,1.0000,0.9310,0.9140,0.9870,0.9020,0.9160,0.9130
New Zealand,NZL,1954,0.7900,0.6960,1.0000,0.9310,0.9180,0.9870,0.9020,0.9160,0.9130
New Zealand,NZL,1955,0.8030,0.7080,1.0000,0.9310,0.9240,0.9870,0.9020,0.9160,0.9130
New Zealand,NZL,1956,0.8030,0.7080,1.0000,0.9310,0.9240,0.9870,0.9020,0.9160,0.9130
New Zealand,NZL,1957,0.8030,0.7090,1.0000,0.9310,0.9240,0.9870,0.9020,0.9160,0.9130
New Zealand,NZL,1958,0.8090,0.7140,1.0000,0.9310,0.9240,0.9870,0.9020,0.9160,0.9130
New Zealand,NZL,1959,0.8090,0.7140,1.0000,0.9310,0.9240,0.9870,0.9020,0.9160,0.9130
New Zealand,NZL,1960,0.8250,0.7360,1.0000,0.9310,0.9450,0.9870,0.9020,0.9160,0.9510
New Zealand,NZL,1961,0.8230,0.7340,1.0000,0.9310,0.9450,0.9870,0.9020,0.9160,0.9510
New Zealand,NZL,1962,0.8230,0.7420,1.0000,0.9310,0.9450,0.9870,0.9020,0.9160,0.9510
New Zealand,NZL,1963,0.8290,0.7520,1.0000,0.9400,0.9480,0.9870,0.9020,0.9160,0.9510
New Zealand,NZL,1964,0.8330,0.7560,1.0000,0.9400,0.9480,0.9870,0.9020,0.9160,0.9510
New Zealand,NZL,1965,0.8330,0.7560,1.0000,0.9400,0.9480,0.9870,0.9020,0.9160,0.9510
New Zealand,NZL,1966,0.8330,0.7550,1.0000,0.9400,0.9480,0.9870,0.9020,0.9160,0.9510
New Zealand,NZL,1967,0.8310,0.7520,1.0000,0.9400,0.9480,0.9870,0.9020,0.9160,0.9510
New Zealand,NZL,1968,0.8310,0.7520,1.0000,0.9400,0.9480,0.9870,0.9020,0.9160,0.9510
New Zealand,NZL,1969,0.8310,0.7520,1.0000,0.9400,0.9480,0.9870,0.9020,0.9160,0.9510
New Zealand,NZL,1970,0.8470,0.7690,1.0000,0.9400,0.9510,0.9870,0.9020,0.9160,0.9510
New Zealand,NZL,1971,0.8470,0.7690,1.0000,0.9400,0.9510,0.9870,0.9020,0.9160,0.9510
New Zealand,NZL,1972,0.8470,0.7690,1.0000,0.9520,0.9510,0.9870,0.9500,0.9160,0.9510
New Zealand,NZL,1973,0.8460,0.7680,1.0000,0.9520,0.9510,0.9870,0.9500,0.9160,0.9510
New Zealand,NZL,1974,0.8510,0.7740,1.0000,0.9520,0.9510,0.9870,0.9500,0.9160,0.9510
New Zealand,NZL,1975,0.8510,0.7730,1.0000,0.9520,0.9500,0.9870,0.9500,0.9160,0.9510
New Zealand,NZL,1976,0.8520,0.7780,1.0000,0.9520,0.9500,0.9870,0.9500,0.9160,0.9510
New Zealand,NZL,1977,0.8480,0.7740,1.0000,0.9520,0.9460,0.9870,0.9500,0.9160,0.9510
New Zealand,NZL,1978,0.8510,0.7760,1.0000,0.9520,0.9460,0.9870,0.9500,0.9160,0.9510
New Zealand,NZL,1979,0.8450,0.7720,1.0000,0.9520,0.9460,0.9870,0.9500,0.9160,0.9510
New Zealand,NZL,1980,0.8470,0.7750,1.0000,0.9520,0.9480,0.9870,0.9500,0.9160,0.9510
New Zealand,NZL,1981,0.8460,0.7740,1.0000,0.9520,0.9450,0.9870,0.9500,0.9160,0.9240
New Zealand,NZL,1982,0.8520,0.7790,1.0000,0.9520,0.9420,0.9870,0.9500,0.9160,0.9520
New Zealand,NZL,1983,0.8560,0.7840,1.0000,0.9520,0.9480,0.9870,0.9500,0.9160,0.9520
New Zealand,NZL,1984,0.8630,0.7920,1.0000,0.9590,0.9610,0.9870,0.9500,0.9160,0.9690
New Zealand,NZL,1985,0.8620,0.7980,1.0000,0.9590,0.9640,0.9870,0.9500,0.9160,0.9800
New Zealand,NZL,1986,0.8620,0.8060,1.0000,0.9590,0.9640,0.9870,0.9500,0.9160,0.9800
New Zealand,NZL,1987,0.8650,0.8080,1.0000,0.9590,0.9640,0.9870,0.9500,0.9160,0.9800
New Zealand,NZL,1988,0.8690,0.8110,1.0000,0.9590,0.9640,0.9870,0.9500,0.9160,0.9800
New Zealand,NZL,1989,0.8690,0.8110,1.0000,0.9590,0.9640,0.9870,0.9500,0.9160,0.9800
New Zealand,NZL,1990,0.8720,0.8130,1.0000,0.9480,0.9640,0.9870,0.9500,0.6990,0.9800
New Zealand,NZL,1991,0.8730,0.8160,1.0000,0.9480,0.9640,0.9870,0.9500,0.6990,0.9800
New Zealand,NZL,1992,0.8730,0.8160,1.0000,0.9480,0.9640,0.9870,0.9500,0.6990,0.9800
New Zealand,NZL,1993,0.8760,0.8180,1.0000,0.9480,0.9640,0.9870,0.9500,0.6990,0.9800
New Zealand,NZL,1994,0.8750,0.8170,1.0000,0.9480,0.9640,0.9870,0.9500,0.6990,0.9800
New Zealand,NZL,1995,0.8750,0.8170,1.0000,0.9480,0.9640,0.9870,0.9500,0.6990,0.9800
New Zealand,NZL,1996,0.8770,0.8190,1.0000,0.9480,0.9610,0.9870,0.9500,0.6990,0.9800
New Zealand,NZL,1997,0.8820,0.8290,1.0000,0.9480,0.9640,0.9870,0.9500,0.6990,0.9800
New Zealand,NZL,1998,0.8820,0.8290,1.0000,0.9480,0.9640,0.9870,0.9500,0.6990,0.9800
New Zealand,NZL,1999,0.8820,0.8290,1.0000,0.9480,0.9640,0.9870,0.9500,0.6990,0.9800
New Zealand,NZL,2000,0.8810,0.8270,1.0000,0.9480,0.9640,0.9870,0.9500,0.6990,0.9800
New Zealand,NZL,2001,0.8810,0.8270,1.0000,0.9480,0.9640,0.9870,0.9500,0.6990,0.9800
New Zealand,NZL,2002,0.8810,0.8270,1.0000,0.9480,0.9640,0.9870,0.9500,0.6990,0.9800
New Zealand,NZL,2003,0.8810,0.8280,1.0000,0.9480,0.9640,0.9870,0.9500,0.6990,0.9800
New Zealand,NZL,2004,0.8810,0.8280,1.0000,0.9480,0.9640,0.9870,0.9500,0.6990,0.9800
New Zealand,NZL,2005,0.8810,0.8280,1.0000,0.9480,0.9640,0.9870,0.9500,0.6990,0.9800
New Zealand,NZL,2006,0.8810,0.8270,1.0000,0.9480,0.9640,0.9870,0.9500,0.6990,0.9800
New Zealand,NZL,2007,0.8810,0.8270,1.0000,0.9480,0.9640,0.9870,0.9500,0.6990,0.9800
New Zealand,NZL,2008,0.8830,0.8290,1.0000,0.9480,0.9640,0.9870,0.9500,0.6990,0.9800
New Zealand,NZL,2009,0.8950,0.8430,1.0000,0.9480,0.9640,0.9870,0.9500,0.6990,0.9800
New Zealand,NZL,2010,0.8960,0.8450,1.0000,0.9480,0.9650,0.9870,0.9500,0.6990,0.9800
New Zealand,NZL,2011,0.8930,0.8420,1.0000,0.9480,0.9650,0.9870,0.9500,0.6990,0.9800
New Zealand,NZL,2012,0.8930,0.8410,1.0000,0.9480,0.9650,0.9870,0.9500,0.6990,0.9800
New Zealand,NZL,2013,0.8870,0.8340,1.0000,0.9480,0.9610,0.9870,0.9500,0.6990,0.9800
New Zealand,NZL,2014,0.8860,0.8330,1.0000,0.9480,0.9600,0.9870,0.9500,0.6990,0.9800
New Zealand,NZL,2015,0.8870,0.8350,1.0000,0.9480,0.9600,0.9870,0.9500,0.6990,0.9800
New Zealand,NZL,2016,0.8870,0.8350,1.0000,0.9480,0.9600,0.9870,0.9500,0.6990,0.9800
New Zealand,NZL,2017,0.8840,0.8290,1.0000,0.9480,0.9620,0.9870,0.9500,0.6990,0.9800
New Zealand,NZL,2018,0.8880,0.8350,1.0000,0.9480,0.9650,0.9870,0.9500,0.6990,0.9800
New Zealand,NZL,2019,0.8860,0.8350,1.0000,0.9480,0.9640,0.9870,0.9500,0.6990,0.9800
New Zealand,NZL,2020,0.8830,0.8290,1.0000,0.9170,0.9620,0.9870,0.9500,0.7000,0.9800
New Zealand,NZL,2021,0.8740,0.8170,1.0000,0.9130,0.9500,0.9870,0.9500,0.7690,0.9800
New Zealand,NZL,2022,0.8780,0.8230,1.0000,0.9480,0.9560,0.9870,0.9500,0.7690,0.9800
New Zealand,NZL,2023,0.8780,0.8250,1.0000,0.9480,0.9530,0.9870,0.9500,0.7690,0.9800
New Zealand,NZL,2024,0.8630,0.8090,1.0000,0.9440,0.9450,0.9870,0.9500,0.7170,0.9800
United States of America,USA,1789,0.3490,0.2810,0.2750,0.4050,0.8130,0.5890,0.2210,0.0210,0.3820
United States of America,USA,1790,0.3470,0.2790,0.2750,0.4050,0.8130,0.5890,0.2210,0.0210,0.3820
United States of America,USA,1791,0.3460,0.2780,0.2750,0.4050,0.8130,0.5890,0.2210,0.0210,0.3820
United States of America,USA,1792,0.3520,0.2810,0.3000,0.4050,0.8130,0.5890,0.2210,0.0210,0.3820
United States of America,USA,1793,0.3520,0.2820,0.3000,0.4050,0.8130,0.5890,0.2210,0.0210,0.3820
United States of America,USA,1794,0.3530,0.2820,0.3000,0.4050,0.8130,0.5890,0.2210,0.0210,0.3820
United States of America,USA,1795,0.3530,0.2820,0.3000,0.4050,0.8130,0.5890,0.2210,0.0210,0.3820
United States of America,USA,1796,0.3520,0.2820,0.3000,0.4050,0.8130,0.5890,0.2210,0.0210,0.3820
United States of America,USA,1797,0.3510,0.2810,0.3000,0.4050,0.8130,0.5890,0.2210,0.0210,0.3820
United States of America,USA,1798,0.3460,0.2720,0.3000,0.4050,0.7620,0.5890,0.2210,0.0210,0.2380
United States of America,USA,1799,0.3420,0.2710,0.3000,0.4050,0.7320,0.5890,0.2210,0.0210,0.2380
United States of America,USA,1800,0.3440,0.2780,0.3000,0.4050,0.7320,0.5890,0.2210,0.0210,0.2380
United States of America,USA,1801,0.3600,0.2870,0.3000,0.4050,0.7970,0.5890,0.2210,0.0210,0.3910
United States of America,USA,1802,0.3640,0.2890,0.3250,0.4050,0.7970,0.5890,0.2210,0.0210,0.3910
United States of America,USA,1803,0.3640,0.2900,0.3250,0.4050,0.7970,0.5890,0.2210,0.0210,0.3910
United States of America,USA,1804,0.3580,0.2860,0.3250,0.4050,0.7970,0.5890,0.2210,0.0210,0.3910
United States of America,USA,1805,0.3550,0.2850,0.3250,0.4050,0.7970,0.5890,0.2210,0.0210,0.3910
United States of America,USA,1806,0.3550,0.2850,0.3250,0.4050,0.7970,0.5890,0.2210,0.0210,0.3910
United States of America,USA,1807,0.3550,0.2850,0.3250,0.4050,0.7970,0.5890,0.2210,0.0210,0.3910
United States of America,USA,1808,0.3550,0.2850,0.3250,0.4050,0.7970,0.5890,0.2210,0.0210,0.3910
United States of America,USA,1809,0.3550,0.2850,0.3250,0.4050,0.7970,0.5890,0.2210,0.0210,0.3910
United States of America,USA,1810,0.3550,0.2850,0.3250,0.4050,0.7970,0.5890,0.2210,0.0210,0.3910
United States of America,USA,1811,0.3550,0.2850,0.3250,0.4050,0.7970,0.5890,0.2210,0.0210,0.3910
United States of America,USA,1812,0.3550,0.2840,0.3250,0.4050,0.7970,0.5890,0.2210,0.0210,0.3910
United States of America,USA,1813,0.3550,0.2840,0.3250,0.4050,0.7970,0.5890,0.2210,0.0210,0.3910
United States of America,USA,1814,0.3610,0.2870,0.3500,0.4050,0.7970,0.5890,0.2210,0.0210,0.3910
United States of America,USA,1815,0.3620,0.2870,0.3500,0.4050,0.7970,0.5890,0.2210,0.0210,0.3910
United States of America,USA,1816,0.3590,0.2860,0.3500,0.4050,0.7970,0.5890,0.2210,0.0210,0.3910
United States of America,USA,1817,0.3570,0.2860,0.3500,0.4050,0.7970,0.5890,0.2210,0.0210,0.3910
United States of America,USA,1818,0.3590,0.2860,0.3500,0.4050,0.7970,0.5890,0.2210,0.0210,0.3910
United States of America,USA,1819,0.3590,0.2870,0.3500,0.4050,0.7970,0.5890,0.2210,0.0210,0.3910
United States of America,USA,1820,0.3540,0.2840,0.3500,0.4050,0.7970,0.5890,0.2210,0.0210,0.3910
United States of America,USA,1821,0.3490,0.2820,0.3500,0.4050,0.7970,0.5890,0.2210,0.0210,0.3910
United States of America,USA,1822,0.3490,0.2820,0.3500,0.4050,0.7970,0.5890,0.2210,0.0210,0.3910
United States of America,USA,1823,0.3480,0.2820,0.3500,0.4050,0.7970,0.5890,0.2210,0.0210,0.3910
United States of America,USA,1824,0.3480,0.2820,0.3500,0.4050,0.7970,0.5890,0.2210,0.0210,0.3910
United States of America,USA,1825,0.3480,0.2820,0.3500,0.4050,0.7970,0.5890,0.2210,0.0210,0.3910
United States of America,USA,1826,0.3490,0.2820,0.3500,0.4050,0.7970,0.5890,0.2210,0.0210,0.3910
United States of America,USA,1827,0.3500,0.2820,0.3500,0.4050,0.7970,0.5890,0.2210,0.0210,0.3910
United States of America,USA,1828,0.3530,0.2970,0.3500,0.4050,0.8250,0.5890,0.2210,0.0210,0.5640
United States of America,USA,1829,0.3520,0.2970,0.3500,0.4050,0.8250,0.5890,0.2210,0.0210,0.5640
United States of America,USA,1830,0.3580,0.2990,0.3500,0.4050,0.8250,0.5890,0.2210,0.0210,0.5640
United States of America,USA,1831,0.3640,0.3020,0.3500,0.4050,0.8250,0.5890,0.2210,0.0210,0.5640
United States of America,USA,1832,0.3640,0.3020,0.3500,0.4050,0.8250,0.5890,0.2210,0.0210,0.5640
United States of America,USA,1833,0.3640,0.3110,0.3500,0.4050,0.8250,0.5890,0.2210,0.0210,0.5640
United States of America,USA,1834,0.3690,0.3140,0.3500,0.4050,0.8250,0.5890,0.2210,0.0210,0.5640
United States of America,USA,1835,0.3690,0.3150,0.3500,0.4050,0.8020,0.5890,0.2210,0.0210,0.4050
United States of America,USA,1836,0.3680,0.3140,0.3500,0.4050,0.8020,0.5890,0.2210,0.0210,0.4050
United States of America,USA,1837,0.3660,0.3140,0.3500,0.4050,0.8020,0.5890,0.2210,0.0210,0.4050
United States of America,USA,1838,0.3680,0.3120,0.3500,0.2760,0.8020,0.5890,0.2210,0.0210,0.4050
United States of America,USA,1839,0.3690,0.3120,0.3500,0.2760,0.8020,0.5890,0.2210,0.0210,0.4050
United States of America,USA,1840,0.3570,0.3060,0.3500,0.2760,0.8020,0.5890,0.2210,0.0210,0.4050
United States of America,USA,1841,0.3440,0.2990,0.3500,0.2760,0.8020,0.5890,0.2210,0.0210,0.4050
United States of America,USA,1842,0.3440,0.2990,0.3500,0.2760,0.8020,0.5890,0.2210,0.0210,0.4050
United States of America,USA,1843,0.3430,0.2990,0.3500,0.2760,0.8020,0.5890,0.2210,0.0210,0.4050
United States of America,USA,1844,0.3420,0.2980,0.3500,0.2760,0.8020,0.5890,0.2210,0.0210,0.4050
United States of America,USA,1845,0.3400,0.2970,0.3500,0.2760,0.8020,0.5890,0.2210,0.0210,0.4050
United States of America,USA,1846,0.3360,0.2960,0.3500,0.2760,0.8020,0.5890,0.2210,0.0210,0.4050
United States of America,USA,1847,0.3310,0.2930,0.3500,0.2760,0.8020,0.5890,0.2210,0.0210,0.4050
United States of America,USA,1848,0.3310,0.2940,0.3500,0.2760,0.8020,0.5890,0.2210,0.0210,0.4050
United States of America,USA,1849,0.3310,0.2940,0.3500,0.3650,0.8020,0.5890,0.2210,0.0210,0.4050
United States of America,USA,1850,0.3310,0.2940,0.3500,0.3650,0.8020,0.5890,0.2210,0.0210,0.4050
United States of America,USA,1851,0.3310,0.2930,0.3500,0.3650,0.8020,0.5890,0.2210,0.0210,0.4050
United States of America,USA,1852,0.3300,0.2930,0.3500,0.3650,0.8020,0.5890,0.2210,0.0210,0.4050
United States of America,USA,1853,0.3280,0.2920,0.3500,0.3650,0.8020,0.5890,0.2210,0.0210,0.4050
United States of America,USA,1854,0.3270,0.2920,0.3500,0.3650,0.8020,0.5890,0.2210,0.0210,0.4050
United States of America,USA,1855,0.3260,0.2910,0.3500,0.3650,0.8020,0.5890,0.2210,0.0210,0.4050
United States of America,USA,1856,0.3260,0.2910,0.3500,0.3650,0.8020,0.5890,0.2210,0.0210,0.4050
United States of America,USA,1857,0.3270,0.2910,0.3500,0.3650,0.8020,0.5890,0.2210,0.0210,0.4050
United States of America,USA,1858,0.3270,0.2910,0.3500,0.3650,0.8020,0.5890,0.2210,0.0210,0.4050
United States of America,USA,1859,0.3270,0.2910,0.3500,0.3650,0.8020,0.5890,0.2210,0.0210,0.4050
United States of America,USA,1860,0.3260,0.2950,0.3500,0.3650,0.8020,0.7220,0.2210,0.0210,0.4050
United States of America,USA,1861,0.3310,0.2950,0.3500,0.4830,0.8260,0.7220,0.5140,0.0210,0.5810
United States of America,USA,1862,0.3370,0.2990,0.3500,0.5080,0.8450,0.7220,0.5140,0.0210,0.7320
United States of America,USA,1863,0.3400,0.3000,0.3500,0.5080,0.8450,0.7220,0.5140,0.0210,0.7320
United States of America,USA,1864,0.3400,0.3000,0.3500,0.5080,0.8450,0.7220,0.5140,0.0210,0.7320
United States of America,USA,1865,0.3410,0.2990,0.3500,0.5080,0.8450,0.7220,0.5140,0.0210,0.7320
United States of America,USA,1866,0.3400,0.3200,0.3500,0.6510,0.8450,0.7220,0.5140,0.5760,0.7320
United States of America,USA,1867,0.3390,0.3200,0.3500,0.6510,0.8450,0.7220,0.5140,0.5760,0.7320
United States of America,USA,1868,0.3400,0.3210,0.3500,0.6510,0.8450,0.7220,0.5140,0.5760,0.7320
United States of America,USA,1869,0.3410,0.3210,0.3500,0.6510,0.8450,0.7220,0.5140,0.5760,0.7320
United States of America,USA,1870,0.3450,0.3230,0.4400,0.6510,0.8450,0.7220,0.5140,0.5760,0.7320
United States of America,USA,1871,0.3380,0.3190,0.4400,0.6510,0.8450,0.7220,0.5140,0.5760,0.7320
United States of America,USA,1872,0.3380,0.3190,0.4400,0.6510,0.8450,0.7220,0.5140,0.5760,0.7320
United States of America,USA,1873,0.3370,0.3200,0.4400,0.6510,0.8450,0.7220,0.5140,0.5760,0.7320
United States of America,USA,1874,0.3370,0.3190,0.4400,0.6510,0.8450,0.7220,0.5140,0.5760,0.7320
United States of America,USA,1875,0.3360,0.3190,0.4400,0.6510,0.8450,0.7220,0.5140,0.5760,0.7320
United States of America,USA,1876,0.3350,0.3180,0.4400,0.6510,0.8450,0.7220,0.5140,0.5760,0.7320
United States of America,USA,1877,0.3280,0.3150,0.4400,0.6510,0.8450,0.7220,0.5140,0.5760,0.7320
United States of America,USA,1878,0.3290,0.3150,0.4400,0.6510,0.8450,0.7220,0.5140,0.5760,0.7320
United States of America,USA,1879,0.3370,0.3190,0.4400,0.6510,0.8450,0.7220,0.5140,0.5760,0.7320
United States of America,USA,1880,0.3360,0.3190,0.4300,0.6510,0.8450,0.7220,0.5140,0.5760,0.7320
United States of America,USA,1881,0.3340,0.3170,0.4300,0.6510,0.8450,0.7220,0.5140,0.5760,0.7320
United States of America,USA,1882,0.3340,0.3170,0.4300,0.6510,0.8450,0.7220,0.5140,0.5760,0.7320
United States of America,USA,1883,0.3340,0.3180,0.4300,0.6510,0.8450,0.7220,0.5140,0.5760,0.7320
United States of America,USA,1884,0.3330,0.3170,0.4300,0.6510,0.8450,0.7220,0.5140,0.5760,0.7320
United States of America,USA,1885,0.3280,0.3140,0.4300,0.6510,0.8450,0.7220,0.5140,0.5760,0.7320
United States of America,USA,1886,0.3260,0.3140,0.4300,0.6510,0.8230,0.7220,0.5140,0.5760,0.5800
United States of America,USA,1887,0.3330,0.3180,0.4300,0.6510,0.8230,0.7220,0.5140,0.5760,0.5800
United States of America,USA,1888,0.3310,0.3160,0.4300,0.6570,0.8230,0.7220,0.5140,0.5760,0.5800
United States of America,USA,1889,0.3240,0.3130,0.4300,0.6570,0.8440,0.7220,0.5140,0.5760,0.7190
United States of America,USA,1890,0.3240,0.3130,0.4200,0.6570,0.8440,0.7220,0.5140,0.5760,0.7190
United States of America,USA,1891,0.3280,0.3160,0.4200,0.6570,0.8440,0.7220,0.5140,0.5760,0.7190
United States of America,USA,1892,0.3280,0.3160,0.4200,0.6570,0.8440,0.7220,0.5140,0.5760,0.7190
United States of America,USA,1893,0.3310,0.3170,0.4200,0.6570,0.8440,0.7220,0.5140,0.5760,0.7190
United States of America,USA,1894,0.3350,0.3190,0.4200,0.6570,0.8440,0.7220,0.5140,0.5760,0.7190
United States of America,USA,1895,0.3720,0.3400,0.4200,0.6570,0.8440,0.7220,0.5140,0.5760,0.7190
United States of America,USA,1896,0.3970,0.3540,0.4200,0.6630,0.8440,0.7220,0.5140,0.5760,0.7190
United States of America,USA,1897,0.4100,0.3620,0.4200,0.6630,0.8440,0.7220,0.5140,0.5760,0.7190
United States of America,USA,1898,0.4120,0.3630,0.4200,0.6630,0.8440,0.7220,0.5140,0.5760,0.7190
United States of America,USA,1899,0.4180,0.3650,0.4200,0.6630,0.8440,0.7220,0.5140,0.5760,0.7190
United States of America,USA,1900,0.4180,0.3650,0.4100,0.6630,0.8430,0.7220,0.5140,0.5760,0.7190
United States of America,USA,1901,0.4200,0.3680,0.4100,0.6630,0.8420,0.7220,0.5140,0.5760,0.7280
United States of America,USA,1902,0.4200,0.3680,0.4100,0.6630,0.8420,0.7220,0.5140,0.5760,0.7280
United States of America,USA,1903,0.4200,0.3690,0.4100,0.6630,0.8400,0.7220,0.5140,0.5760,0.7200
United States of America,USA,1904,0.4200,0.3690,0.4100,0.6630,0.8400,0.7220,0.5140,0.5760,0.7200
United States of America,USA,1905,0.4230,0.3700,0.4100,0.6630,0.8400,0.7220,0.5140,0.5760,0.7200
United States of America,USA,1906,0.4230,0.3700,0.4100,0.6630,0.8400,0.7220,0.5140,0.5760,0.7200
United States of America,USA,1907,0.4220,0.3690,0.4100,0.6630,0.8400,0.7220,0.5140,0.5760,0.7200
United States of America,USA,1908,0.4220,0.3690,0.4100,0.6630,0.8400,0.7220,0.5140,0.5760,0.7200
United States of America,USA,1909,0.4250,0.3710,0.4100,0.6630,0.8400,0.7220,0.5140,0.5760,0.7200
United States of America,USA,1910,0.4250,0.3700,0.4100,0.6630,0.8400,0.7220,0.5140,0.5760,0.7200
United States of America,USA,1911,0.4250,0.3720,0.4100,0.6630,0.8400,0.7220,0.5140,0.5760,0.7200
United States of America,USA,1912,0.4250,0.3720,0.4100,0.6630,0.8400,0.7220,0.5140,0.5760,0.7200
United States of America,USA,1913,0.4280,0.3750,0.4100,0.6630,0.8400,0.7220,0.5140,0.5760,0.7200
United States of America,USA,1914,0.4200,0.3700,0.4100,0.6630,0.8300,0.7220,0.5140,0.5760,0.7200
United States of America,USA,1915,0.4200,0.3710,0.4100,0.6630,0.8300,0.7220,0.5140,0.5760,0.7200
United States of America,USA,1916,0.4190,0.3700,0.4100,0.6630,0.8230,0.7220,0.5140,0.5760,0.7200
United States of America,USA,1917,0.4070,0.3600,0.4100,0.6540,0.7890,0.7220,0.5140,0.4730,0.7040
United States of America,USA,1918,0.4040,0.3580,0.4100,0.6250,0.7840,0.7220,0.5140,0.4730,0.7110
United States of America,USA,1919,0.4150,0.3650,0.4100,0.6250,0.8100,0.7220,0.5140,0.4730,0.7110
United States of America,USA,1920,0.5140,0.4300,0.8400,0.6400,0.8370,0.7220,0.5140,0.5700,0.7300
United States of America,USA,1921,0.5100,0.4270,0.8800,0.6400,0.8290,0.7220,0.5140,0.5700,0.7300
United States of America,USA,1922,0.5130,0.4320,0.8800,0.6560,0.8290,0.7220,0.5140,0.5700,0.7300
United States of America,USA,1923,0.5270,0.4460,0.8800,0.6560,0.8290,0.7220,0.5140,0.5700,0.7300
United States of America,USA,1924,0.5270,0.4460,0.8800,0.6560,0.8290,0.7220,0.5140,0.5700,0.7300
United States of America,USA,1925,0.5260,0.4430,0.8800,0.6560,0.8290,0.7220,0.5140,0.5700,0.7300
United States of America,USA,1926,0.5290,0.4450,0.8900,0.6560,0.8290,0.7220,0.5140,0.5700,0.7300
United States of America,USA,1927,0.5300,0.4470,0.8900,0.6560,0.8290,0.7220,0.5140,0.5700,0.7300
United States of America,USA,1928,0.5300,0.4460,0.8900,0.6560,0.8290,0.7220,0.5140,0.5700,0.7300
United States of America,USA,1929,0.5300,0.4450,0.8900,0.6560,0.8290,0.7220,0.5140,0.5700,0.7300
United States of America,USA,1930,0.5310,0.4470,0.8900,0.6560,0.8290,0.7220,0.5140,0.5700,0.7300
United States of America,USA,1931,0.5480,0.4600,0.9000,0.6560,0.8510,0.7220,0.5140,0.5700,0.7300
United States of America,USA,1932,0.5520,0.4620,0.9000,0.6620,0.8580,0.7220,0.5140,0.6180,0.7300
United States of America,USA,1933,0.5460,0.4600,0.9000,0.6620,0.8630,0.7680,0.5140,0.6180,0.7300
United States of America,USA,1934,0.5470,0.4590,0.9000,0.6680,0.8650,0.7680,0.5140,0.6520,0.7300
United States of America,USA,1935,0.5590,0.4710,0.9000,0.6670,0.8650,0.7680,0.5140,0.6520,0.7300
United States of America,USA,1936,0.5590,0.4700,0.9200,0.6580,0.8610,0.7680,0.5140,0.5700,0.7300
United States of America,USA,1937,0.5570,0.4660,0.9200,0.6580,0.8610,0.7680,0.5140,0.5700,0.7300
United States of America,USA,1938,0.5580,0.4670,0.9200,0.6580,0.8610,0.7680,0.5140,0.5700,0.7300
United States of America,USA,1939,0.5570,0.4650,0.9200,0.6490,0.8500,0.7680,0.5140,0.5210,0.7300
United States of America,USA,1940,0.5680,0.4730,0.9200,0.6070,0.8510,0.7680,0.5080,0.5380,0.7300
United States of America,USA,1941,0.5640,0.4690,0.9300,0.5980,0.8330,0.7680,0.5080,0.5380,0.7270
United States of America,USA,1942,0.5470,0.4570,0.9300,0.6040,0.8120,0.7730,0.5190,0.5380,0.7190
United States of America,USA,1943,0.5440,0.4570,0.9300,0.6100,0.8120,0.7730,0.5190,0.5530,0.7190
United States of America,USA,1944,0.5450,0.4570,0.9300,0.6100,0.8120,0.7730,0.5190,0.5530,0.7190
United States of America,USA,1945,0.5600,0.4700,0.9400,0.6230,0.7990,0.7730,0.5190,0.5530,0.7190
United States of America,USA,1946,0.6030,0.5070,0.9400,0.6640,0.8520,0.7750,0.5190,0.5530,0.7190
United States of America,USA,1947,0.6070,0.5120,0.9400,0.6830,0.8510,0.7960,0.5190,0.6970,0.7190
United States of America,USA,1948,0.5990,0.5090,0.9400,0.6830,0.8420,0.7960,0.5190,0.6970,0.7190
United States of America,USA,1949,0.5800,0.4960,0.9400,0.7150,0.8350,0.7960,0.5190,0.6970,0.7190
United States of America,USA,1950,0.5850,0.5030,0.9500,0.7070,0.8180,0.7960,0.5400,0.6970,0.7190
United States of America,USA,1951,0.6110,0.5200,0.9500,0.7070,0.8180,0.7960,0.5400,0.6970,0.7190
United States of America,USA,1952,0.6110,0.5200,0.9500,0.7070,0.8180,0.7960,0.5400,0.6970,0.7190
United States of America,USA,1953,0.6120,0.5210,0.9500,0.7070,0.8180,0.7960,0.5400,0.6970,0.7190
United States of America,USA,1954,0.6110,0.5200,0.9500,0.7070,0.8200,0.7960,0.5400,0.6970,0.7190
United States of America,USA,1955,0.6090,0.5090,0.9500,0.7070,0.8260,0.7960,0.5400,0.6970,0.7660
United States of America,USA,1956,0.6130,0.5140,0.9500,0.7070,0.8350,0.7960,0.5400,0.6970,0.7660
United States of America,USA,1957,0.6140,0.5150,0.9500,0.7240,0.8350,0.7960,0.5980,0.6970,0.7660
United States of America,USA,1958,0.6240,0.5230,0.9500,0.7240,0.8580,0.7960,0.5980,0.6970,0.7820
United States of America,USA,1959,0.6230,0.5230,0.9500,0.7240,0.8580,0.7960,0.5980,0.6970,0.7820
United States of America,USA,1960,0.6440,0.5390,0.9500,0.7240,0.8810,0.7960,0.5980,0.6970,0.7630
United States of America,USA,1961,0.6590,0.5520,0.9500,0.7240,0.8830,0.7960,0.5980,0.6970,0.7630
United States of America,USA,1962,0.6610,0.5540,0.9500,0.7240,0.8840,0.7960,0.5980,0.6970,0.7700
United States of America,USA,1963,0.6750,0.5640,0.9500,0.7320,0.8840,0.7960,0.5980,0.7240,0.7700
United States of America,USA,1964,0.6770,0.5710,0.9500,0.7400,0.8900,0.7960,0.5980,0.7490,0.7700
United States of America,USA,1965,0.6770,0.5750,0.9500,0.7370,0.8950,0.8160,0.5980,0.7490,0.7760
United States of America,USA,1966,0.6950,0.5950,1.0000,0.7600,0.8990,0.8280,0.6660,0.7670,0.8180
United States of America,USA,1967,0.7040,0.6010,1.0000,0.7600,0.8970,0.8280,0.6660,0.7670,0.8180
United States of America,USA,1968,0.7020,0.6020,1.0000,0.7710,0.9010,0.8650,0.6750,0.7670,0.8180
United States of America,USA,1969,0.6960,0.6120,1.0000,0.8100,0.9120,0.8770,0.7870,0.7670,0.8890
United States of America,USA,1970,0.7170,0.6390,1.0000,0.8600,0.9260,0.8890,0.8470,0.7670,0.8890
United States of America,USA,1971,0.7260,0.6490,1.0000,0.8750,0.9070,0.8890,0.8470,0.8140,0.8980
United States of America,USA,1972,0.7350,0.6590,1.0000,0.8750,0.9200,0.9020,0.8470,0.8140,0.8980
United States of America,USA,1973,0.7550,0.6850,1.0000,0.8750,0.9380,0.9020,0.8470,0.8140,0.8980
United States of America,USA,1974,0.7600,0.6920,1.0000,0.8750,0.9460,0.9020,0.8470,0.8140,0.9430
United States of America,USA,1975,0.7840,0.7170,1.0000,0.8960,0.9470,0.9020,0.8910,0.8140,0.9530
United States of America,USA,1976,0.7930,0.7280,1.0000,0.9020,0.9560,0.9020,0.8910,0.8140,0.9530
United States of America,USA,1977,0.8280,0.7610,1.0000,0.9110,0.9620,0.9020,0.8910,0.8140,0.9530
United States of America,USA,1978,0.8320,0.7660,1.0000,0.9110,0.9660,0.9020,0.8910,0.8140,0.9530
United States of America,USA,1979,0.8330,0.7680,1.0000,0.9170,0.9660,0.9020,0.8910,0.8140,0.9530
United States of America,USA,1980,0.8470,0.7820,1.0000,0.9290,0.9680,0.9020,0.8910,0.8470,0.9530
United States of America,USA,1981,0.8580,0.7890,1.0000,0.9290,0.9720,0.9320,0.8910,0.8470,0.9530
United States of America,USA,1982,0.8580,0.7890,1.0000,0.9290,0.9720,0.9320,0.8910,0.8470,0.9530
United States of America,USA,1983,0.8590,0.7940,1.0000,0.9260,0.9730,0.9320,0.8910,0.8470,0.9530
United States of America,USA,1984,0.8590,0.7930,1.0000,0.9260,0.9730,0.9320,0.8910,0.8470,0.9530
United States of America,USA,1985,0.8590,0.7870,1.0000,0.9260,0.9730,0.9320,0.8910,0.8470,0.9530
United States of America,USA,1986,0.8590,0.7930,1.0000,0.9340,0.9730,0.9320,0.9300,0.8470,0.9530
United States of America,USA,1987,0.8590,0.7940,1.0000,0.9340,0.9760,0.9320,0.9300,0.8470,0.9530
United States of America,USA,1988,0.8600,0.7950,1.0000,0.9340,0.9760,0.9320,0.9300,0.8470,0.9530
United States of America,USA,1989,0.8610,0.7970,1.0000,0.9340,0.9760,0.9320,0.9300,0.8470,0.9530
United States of America,USA,1990,0.8660,0.8020,1.0000,0.9340,0.9790,0.9420,0.9300,0.8470,0.9770
United States of America,USA,1991,0.8650,0.8000,1.0000,0.9340,0.9750,0.9420,0.9300,0.8470,0.9770
United States of America,USA,1992,0.8690,0.8050,1.0000,0.9340,0.9790,0.9420,0.9300,0.8470,0.9770
United States of America,USA,1993,0.8680,0.8060,1.0000,0.9340,0.9790,0.9420,0.9300,0.8470,0.9770
United States of America,USA,1994,0.8680,0.8060,1.0000,0.9340,0.9790,0.9420,0.9300,0.8470,0.9770
United States of America,USA,1995,0.8680,0.8030,1.0000,0.9340,0.9790,0.9420,0.9300,0.8470,0.9770
United States of America,USA,1996,0.8670,0.8030,1.0000,0.9340,0.9790,0.9420,0.9300,0.8470,0.9770
United States of America,USA,1997,0.8660,0.8030,1.0000,0.9340,0.9790,0.9420,0.9300,0.8470,0.9770
United States of America,USA,1998,0.8670,0.8040,1.0000,0.9340,0.9790,0.9420,0.9300,0.8470,0.9770
United States of America,USA,1999,0.8700,0.8100,1.0000,0.9340,0.9790,0.9420,0.9300,0.8470,0.9770
United States of America,USA,2000,0.8680,0.8070,1.0000,0.9340,0.9790,0.9420,0.9300,0.8470,0.9770
United States of America,USA,2001,0.8210,0.7610,1.0000,0.9320,0.9760,0.9350,0.9130,0.8470,0.9770
United States of America,USA,2002,0.8260,0.7650,1.0000,0.9280,0.9730,0.9090,0.9130,0.8470,0.9770
United States of America,USA,2003,0.8590,0.7950,1.0000,0.9280,0.9760,0.8210,0.9130,0.8470,0.9770
United States of America,USA,2004,0.8620,0.7990,1.0000,0.9280,0.9790,0.8210,0.9130,0.8470,0.9890
United States of America,USA,2005,0.8610,0.8010,1.0000,0.9280,0.9790,0.8690,0.9130,0.8470,0.9890
United States of America,USA,2006,0.8670,0.8070,1.0000,0.9280,0.9790,0.8440,0.9130,0.8470,0.9890
United States of America,USA,2007,0.8970,0.8410,1.0000,0.9280,0.9790,0.8710,0.9130,0.8470,0.9890
United States of America,USA,2008,0.8980,0.8420,1.0000,0.9310,0.9800,0.9160,0.9130,0.8470,0.9890
United States of America,USA,2009,0.9020,0.8500,1.0000,0.9310,0.9800,0.9500,0.9130,0.8470,0.9870
United States of America,USA,2010,0.9020,0.8500,1.0000,0.9300,0.9790,0.9540,0.9040,0.8440,0.9820
United States of America,USA,2011,0.9000,0.8480,1.0000,0.9270,0.9780,0.9540,0.8900,0.8440,0.9820
United States of America,USA,2012,0.8990,0.8470,1.0000,0.9270,0.9760,0.9540,0.8900,0.8440,0.9820
United States of America,USA,2013,0.9020,0.8500,1.0000,0.9300,0.9790,0.9540,0.8930,0.8500,0.9900
United States of America,USA,2014,0.9000,0.8470,1.0000,0.9300,0.9790,0.9540,0.8930,0.8500,0.9900
United States of America,USA,2015,0.9000,0.8480,1.0000,0.9300,0.9780,0.9540,0.8930,0.8500,0.9880
United States of America,USA,2016,0.8870,0.8320,1.0000,0.9290,0.9740,0.9540,0.8930,0.8500,0.9830
United States of America,USA,2017,0.8270,0.7450,1.0000,0.9240,0.9630,0.9460,0.8930,0.8750,0.9380
United States of America,USA,2018,0.8230,0.7420,1.0000,0.9140,0.9600,0.9370,0.8930,0.8750,0.9380
United States of America,USA,2019,0.8120,0.7350,1.0000,0.9030,0.9520,0.9370,0.8930,0.8750,0.8970
United States of America,USA,2020,0.8070,0.7250,1.0000,0.9100,0.9470,0.8970,0.9130,0.8750,0.9090
United States of America,USA,2021,0.8210,0.7520,1.0000,0.9040,0.9640,0.9530,0.9130,0.8380,0.9360
United States of America,USA,2022,0.8290,0.7630,1.0000,0.9130,0.9680,0.9570,0.9240,0.8380,0.9360
United States of America,USA,2023,0.8430,0.7710,1.0000,0.8910,0.9510,0.9480,0.8550,0.8080,0.9240
United States of America,USA,2024,0.8400,0.7480,1.0000,0.8820,0.9540,0.9480,0.8190,0.8140,0.8900
